-6.388762468508155
11.92868603278532
3.191227324055036
5.876469246501867
-10.62226678084568
-2.7228970832492463
-7.757556295652108
1.4862522992138616
-29.1759781837348
3.0883832936230644
11.220076139116697
5.926499144557519
9.744091634106642
18.838240215560397
3.1703706752456835
-19.384113292599867
3.1748261438936654
19.602851571863614
-1.182702926281638
11.830647626170357
19.429922559726442
18.024197286038014
-7.289951110752536
-6.546375598515466
6.104255762891559
-9.018525552025032
-17.529654783957174
6.102869501670149
-7.319563928032068
0.6798070007256687
3.4818449180046223
-12.456902407185986
7.750366690657933
1.578787967255347
-21.48029172784635
8.083891473361746
-11.103952379718514
-10.280919272963674
-1.167515109298889
3.195448007979877
13.439433962047008
-1.1675304911080344
7.195126731119823
5.263334977468776
-2.9745090657802358
-16.596039154808807
-4.809364579561436
-2.0033514933955416
9.499220937762498
-5.787385147076874
2.5129802303572166
-8.477044057333789
-3.4044167579033164
-4.0143535617983375
18.85558922769725
16.054469430754366
7.249636016136571
8.347938088649986
0.8194532550358886
3.8251993492612884
-3.3052201881569374
6.964809640728788
-2.7143887637558226
-13.276656588636271
-0.28980055989087106
14.178138674070588
0.8415584792345419
-2.269199731227028
-5.686123961912571
3.646657337138159
10.225105022588734
8.398699593381378
-21.871498391880195
-10.239735233209341
-3.0129809746263394
0.7727836097116194
5.0583801857716075
2.4942554979730227
5.633918123336445
14.58889830005276
0.25771339797793047
1.6646200891321943
4.215495766253325
15.370929792913806
-18.889337012580963
-8.754606397069907
-4.966814415620519
-1.0006520096729234
7.286106147008024
1.0221450483571632
30.122595620683185
6.284103507007159
-7.240193664686995
13.100436913832937
4.687917441750136
4.983447011301364
-0.19301545022256228
10.01806643680959
8.628091015748254
23.45814341630552
3.155788111081856
8.474641646047889
-8.32154228790454
18.411535682252833
5.033882738064073
10.225515131246263
22.712929026020202
0.7839173237665706
2.599280233107801
4.453254570475145
8.985456514767549
0.4713550248010261
-2.3032126756168845
10.27241614620824
-5.390496750997343
1.8530191757353665
-0.7180873601056739
-2.488468359309617
6.09967282629265
9.93780554514746
10.148410155590199
13.502728975265786
-0.9186786474685231
-14.330046429147206
-3.1103543550177033
-5.559573566843552
11.559461763255317
-1.5067524402120567
-1.851581469888778
-8.208371785600592
-16.401898532478718
-12.65230540582261
0.970793765852024
5.9721379579450815
-3.9043981805361234
9.912280177809352
7.930794971276387
13.72329173086579
16.30705105307341
7.465621462071965
7.637236720716082
13.869542549172197
26.514756149340762
9.64274057773276
17.178363727472885
7.8135062243693785
-0.8357628418506069
-5.6526381786266064
8.446150472003811
-16.637485796875602
24.199226529049017
2.1274429909578747
3.3845077901864964
12.966289404188155
-2.437248306695605
9.057307370847505
-11.236519743314254
14.697878356864582
-4.2085014717485585
-0.10539276372264972
8.657466966423243
13.090469365857045
-0.8000891143658793
8.902765131998502
-13.634659057710625
-4.508664896447694
-6.483795727831829
14.03404447722272
-1.0543336834873775
-3.2934777144660004
0.7682451856439565
1.2922471791422159
25.15494214797431
10.345360168598779
19.09203914008887
20.82063003316906
-3.302760922430169
8.617731065716125
23.156010446766963
3.86890640886028
1.9272315021883424
5.8044760173297405
18.062389245034538
13.275153946918326
18.210329624029576
-12.26432195301794
14.641991961522056
8.19227281046101
22.514083815299795
25.262038578300185
-1.7919986417864475
-10.516700268608865
9.249680812987261
-4.222262163066006
1.2561529880758604
-7.838426789565428
7.143843312513157
-3.7228723603816647
5.106700584302508
3.334293561335078
15.929217387707983
15.549278123743427
-6.725491644142831
15.293236084727045
7.853987680109319
-2.576365412838503
3.0937339269482895
9.963577332331646
14.315978930515385
11.913733569775275
0.5003151296403106
7.0437751975176965
20.06090861426624
-1.5586784774859597
12.713065399287315
-2.2586872006570333
3.6090408491796127
11.362940061239984
8.132957621474153
20.34857174536135
3.7351227313208444
-5.45549089682658
16.44988592622511
22.179563179308424
4.649876217815321
-8.500417481749029
10.68064529977108
13.781882851633618
6.863353102067538
10.297540041723469
3.500703130000373
13.33386111522693
4.385464883684874
22.078236982170353
3.8425122713282205
-9.02327958852722
-0.8837606989392341
13.83889178502667
12.704845410376116
3.7844527840071405
-15.401816758399388
12.154718448069934
-3.086159608213272
6.465641040534627
22.75226929743987
12.085835888867678
11.026281826348399
-3.0323160958246724
3.19855824326812
-14.940753168960477
0.017449362401027457
13.17607350071616
-8.328966102966993
1.6696017551211586
-8.782894402270426
-14.09217555392657
23.243651789885686
-0.6105423691395853
3.0434846047685093
0.7114233892277699
8.955552825149178
-2.6822173981525506
6.4233031044301665
27.5155047781921
12.425124613026885
2.6476992711428022
-0.7766126709209411
8.091733899635567
13.093742799242442
-6.10963515856033
19.587204079428766
4.996179598298418
-3.5796123240748567
27.009880013348436
0.015286773125080089
-1.0123425583876378
5.649060872608562
2.3208101445886116
-1.9707802281891782
2.5348205257008756
6.618688506263768
15.833817989411523
-22.443661517182065
3.09797111297914
10.928976787949185
-13.316208694740048
12.813512484886447
1.3790298944234847
15.10859988795266
0.1840678046574009
3.418983322345476
1.1656757788717602
6.835230550283654
4.428975607701032
-0.7552149448972099
11.79906320492589
6.82184477818398
-10.863160904292666
9.729180371232074
17.492911027501997
1.7923172548335211
-3.5025964319299643
-1.1700122921210934
17.447747718389564
18.244319463755787
-8.703030159227012
2.44205037681187
12.341713945890014
16.279273720899624
17.320559492026963
10.470411690900123
-17.958816273391367
5.037596669033131
12.602301181739863
1.7471246919524002
19.969069245265256
18.133074815149044
-0.7680257369958579
9.20103278799765
11.895731836218168
20.300920628620016
21.349958458705245
5.746773082906367
10.175965127980101
-12.615109047483376
-4.014425912718664
9.694513236923772
-11.939617127702505
16.591390417527535
0.584641234447755
-2.1759807144940924
8.808110502014692
16.732095242092818
-0.4255977850005186
-10.984857995063573
3.43827869249771
14.859158618581482
18.29151124172759
11.811357068795996
-0.09835617643014238
7.7198778020756915
23.90564185532344
-2.2497023079966283
2.634260230799206
4.991144685420246
14.449779353395172
-5.03279848922298
10.463022438968835
14.756847795812716
-2.3859873466340034
14.208372376235648
6.057564175010518
0.856037320918773
29.339718567803885
6.183092129816508
5.079850594149045
10.292893459619641
7.457259248247249
-11.00263480650796
4.9650790669042175
-10.472355653360328
3.133248316607811
-4.524708100490098
6.615879176464615
3.525213553438737
12.731479370713457
1.6975338646155995
-5.293176217144726
6.795553822915296
-1.7690489780857046
8.924467611157482
-16.296503283812662
-2.235364294147349
-0.2444995071803131
2.0771400293659443
16.28435088249264
1.680461262979854
12.388733543040344
10.559932526759074
2.0814853273565066
15.516196679119801
4.766425127653155
0.5174247444145097
-22.654288128918196
9.267960359479776
6.130397735912565
11.770106892972725
1.0638959340385878
-3.040148575280625
-6.180186581757177
6.044617692876815
-10.31052092312867
-9.451172128655918
7.654846082501244
6.671662631760744
-16.39262424102013
-11.08487558715785
-9.687040076970199
11.595062778699496
11.617853662038907
16.560913179148024
5.552598668932026
3.6656880575188264
-17.6537865950672
5.111639679385099
1.3830735568838182
4.752415692973487
4.891572646216578
-15.452767105458104
9.206444887479003
22.187760248725667
-5.2298045950769065
-7.181932654188953
-11.71209937981645
1.649398105835418
10.147664101736506
19.992180853617107
24.302257252103256
13.276623568791269
-3.711242418388016
8.561672569467898
10.189603958199989
-3.50943539783103
-5.068759241735437
6.539998459993547
-9.27872472409928
5.587154748855416
-4.786452116223183
21.420239060817693
10.892069103695356
12.10465424289126
14.919718170899051
18.056252256430554
1.7985208948266829
-0.11636403927511108
-13.410329054640126
10.888321719833435
0.8672719992390281
-5.70120523648839
7.783053615142903
-7.683366196878916
-0.9526162370356257
7.82827016891336
0.4193804051303198
11.021746257012975
10.833649509238136
4.8714086327824795
-3.104886337567777
13.83965606793102
-3.374082993655449
10.95912997346641
11.878302733283018
11.290857030847956
1.3673663256675535
24.334944660011953
4.567106648186647
4.002974264338847
-3.6343282645342185
6.932575578550283
20.05859038115791
-5.364628465439431
-5.9217906853948765
5.652779256954048
15.504851978441208
1.2198172160855099
3.314111764405065
2.5520604464182868
5.774979310847
-3.409166245747654
2.0095516643708144
6.328249707059483
9.166710007331897
4.0731142641904885
10.158768283847465
4.342520448133708
-16.08206909706285
0.30725893306028595
5.259851400904494
2.4351833995453376
4.7585505503433625
14.590610322666336
-16.412334741959995
25.218228235234964
-2.5070371941190093
15.149558854020784
13.910634705812502
8.507206175873792
17.625198897338993
2.343580975519293
8.466258075153268
10.163773656068349
-5.80445460717244
6.107058159685375
-10.8471510014848
-0.27586864717122594
8.011749239328969
3.3875613566279954
26.450789049839646
3.1108019747458737
13.575370370806633
6.9284701809762925
9.225161263819965
8.04957914313725
10.679287383724123
1.0029151032945434
-2.763948305206652
22.682392472866134
22.616537300561145
-0.9805115574477874
-0.5904455811421894
5.391932495847578
4.600063076175531
15.506362068613832
-3.8610838988609153
-1.5854417888127692
13.117837906978934
4.627686128751366
9.605816955346159
-0.9270228740775099
12.759813443266431
-7.267340182481885
-2.8965605414026623
5.169162272757298
8.193369515867364
7.289082507387266
-1.966346033117981
1.1199203313418677
-14.569165578899607
14.534610979410298
2.186130687925467
5.370288601329722
-2.4345819179363595
-1.687161747275347
21.529083150286006
0.8098269520593755
0.691092911807484
16.398350758329215
11.762677369591845
9.43314517280379
-11.048252585099881
14.96844099818738
7.892767835558006
17.161473609311315
19.09663129338516
4.7757233686191025
13.50773432895409
4.892712507486767
11.419432476315322
-17.299150386182774
9.255344237951217
5.021885902149671
4.7226988677203625
9.716794571986126
-2.2759065278876083
9.309266126001075
-9.847171783493689
-4.386942096260038
8.571490000356903
10.468942739483484
11.694990273711296
-11.797579781287755
17.09948138130931
-2.397814137131089
-3.302762351415705
12.199978504889925
3.214691549865238
16.054843945621265
11.550822444600165
9.540036492492504
4.8169189117398785
-9.864817217680526
9.929132996805516
18.224102842694904
-10.514990312672523
3.285099009119589
-3.0868613906975604
-10.681262327372682
13.865730788310755
6.8382066077729355
2.7064012261134205
15.251004887332375
-6.728951569546389
-1.3638543560180763
-1.5475901024926664
13.55281436874304
12.671568848669068
22.22121839313042
23.069032371724944
0.973081889416159
12.552596075112103
23.77829327279434
15.446362079566466
10.76788426744626
-6.775046028719849
-3.852310209155071
17.346435707069247
-2.1236127605063837
-0.729251886976499
4.716476700521564
-16.30662850885884
1.3572286712095445
11.8166491261057
-8.118240366706592
-0.5607918196416097
6.627215468234701
18.022867323461078
-7.093271163028749
-9.773528172125268
2.716031636498319
-15.80093630796139
-3.020407731782761
6.157750374040123
8.52092137025989
5.814760606730841
24.01011361624231
9.009555599364518
5.027335966492407
7.039119986828066
9.524934795872447
-2.662687379231131
7.2493544558667935
19.25637068032526
27.195894905004174
5.90253283898504
23.39776948196022
6.892052160072382
25.453592787184256
10.494570313918494
2.3458573899952633
0.49343998136822265
-1.1006912831615896
8.291177138385963
22.960120028621976
0.28721832009235904
-8.944002414409287
13.854001620528049
16.822020333692222
5.820672154708991
-0.3920479953695608
9.802012894179727
23.04634508879389
-4.05705315507336
8.461520681955648
-3.9727413505433127
11.580809060090703
4.512118672556441
-2.2117190353488283
9.36703186197283
17.705919176340096
12.476419232139122
0.2343278644700808
10.001940920385064
12.80631872539745
0.7028091043480975
-3.942800412234641
15.116160988504536
6.499909883946261
18.14575679305396
22.839757314576094
14.227123096107084
11.461120534309948
10.245605642741012
20.357958057819086
10.487350630039845
-0.8846126503076857
3.3926808149526515
15.576706939432334
-6.960266350046966
11.099760211338374
3.8972564664830527
22.196383100957636
-7.523585748913202
-13.404131624029397
-2.9608427207653527
5.613389897140462
18.740598630986444
19.250631284912547
-3.1042078857347626
-5.002397396811979
30.613911033796374
13.247787188415845
8.11178373016068
-1.0657701575977896
12.337951477442378
-10.81296380533069
9.581392861776166
-3.985784164507468
1.307527069393652
30.031741762641598
19.472721400304863
-5.308661854657824
-13.418408633528959
-0.04645355183379962
-6.011840507420207
2.039414839136165
12.346626606154832
15.903138255842027
9.24719294614101
2.0446182670181874
-5.026918707611049
-18.193984153947728
-4.232024771152098
10.067693400441033
13.17343476899916
-0.16883273016192657
7.277546509671858
14.374320713765664
-4.530729559787861
-8.23188465075834
-2.8576304503450576
8.686573586542067
-7.4693330132588684
-17.454680524649547
22.68886696776326
4.651279993158267
-4.032366722790208
8.433975551862058
7.9237086557936625
6.608668520526837
-6.297192057673831
1.2664326334030451
7.026459339047641
1.2507856422314867
2.4508776730797925
-3.152544997811008
3.0846372927511205
0.1800835754431347
17.66014858750281
11.955593611390848
-4.693420768752556
-11.341290299281148
-3.4936099246743932
-1.2909058826633029
-4.7682819262519605
-8.107809765790307
7.247305908501517
-8.535578379299064
9.63209226345551
1.2747097001659293
-8.141116800739951
8.717491905246565
0.7093504826596035
3.561793540834625
7.038253139038227
-2.032804337771468
-7.693261437871399
-7.449639204426878
14.662796221780805
16.080895610377166
21.07136795293166
0.9814763398058721
16.625425465656154
15.380558060693001
3.93932053470734
8.330150899096298
-10.09079255907108
32.37903883428279
-2.478389440333241
-8.647415591261504
23.752877106374324
16.383766610916958
16.41279585216061
9.305823588435235
-15.651104136963276
-1.2725851175965541
-9.464711692845107
11.086727867019906
-1.7396626008166391
5.038760175435442
9.600353987199998
3.7362687220151654
-7.8182759305957905
-12.360502591670759
14.759515938127207
11.22534365303822
3.5209132492830277
20.99758115261482
2.4756501250596985
6.516029200607774
8.377565729822674
-3.4197902544395316
13.497990733159838
9.126212558433455
19.847306078296555
-0.40122831323684593
-8.418072399191947
3.930959131007084
2.319398844589698
-4.91604336300505
-9.844203965276822
2.1940063119211595
11.829385379927022
12.675684460841367
6.174852215446727
-1.2078710176233711
11.464350108825647
25.848045529333984
13.890287280931501
0.7770636295108444
-0.5756019206402776
6.5096182390519735
5.924745652133325
-6.895027698077758
16.046187853080163
2.927997915580245
11.894856938006484
-2.056763039163095
8.463533404013216
-4.3258249108437035
5.777060476249244
7.633368313457835
6.436933865694151
-2.682050693757125
5.267513351370885
20.89755087432647
17.798033719543433
8.609803385224994
3.5805762160227146
20.352616202083908
-0.7229495823905676
21.92958429693575
1.5311275075241833
-10.593107194552795
18.95097632982951
-6.99967118663902
12.674548796310631
4.576219510872426
0.4119584370117426
-2.977781867475608
7.87902153129077
5.3657013851920325
-2.481597874112584
6.075470661853695
12.22487229209641
21.805999665322588
-4.110433135115221
-12.639346217901021
10.53129474657089
0.0013141185498612984
0.8649708860873258
13.354976666267396
6.976895160028275
18.712992386272504
4.677545939138009
-9.966878115775057
8.37346765508502
1.659977729310457
9.954526840637548
19.537578441433237
4.150255603702167
8.939696733641263
7.703365005108379
13.69043605319057
8.625336693204664
16.426333013972176
26.03355985891154
4.906752129322337
8.52113096016001
11.641471048981943
-9.396105887037772
9.255868527804648
8.960906197435985
17.694232163515196
4.054397627132535
10.960733140696648
12.86229820142226
3.3624660705086136
8.573381138460928
-4.534805970360553
20.00545695893521
8.813096792237335
-0.05330157882721931
7.129998608838335
13.692782723005797
-1.2853149667736599
-0.8595888270932042
0.9082645266907186
8.538713778252419
0.2868536986464978
-1.0894494771618666
0.17342550328347528
4.953839190574188
10.735213725050095
18.205665556268407
1.215223280795053
1.806417629585873
4.720265380517394
-1.0595183342493364
-5.99317626484828
0.0417139274224434
6.4616112940925134
4.363444584493587
-9.053959543319037
-9.383365600391029
-6.713267609946316
10.145147207851066
13.908427698350435
20.46621508601905
-0.6440756436766693
6.045749832561743
4.172767810274023
-2.4871222391242354
2.7774216068446216
4.721532203316862
10.001827333805785
6.386146931896997
7.052261562646997
15.405881143454792
10.957034080383803
-0.3478936713041172
16.657991013930577
15.439891245260375
2.45898611130354
3.3545208712104673
-2.992187936788243
14.232952850384104
22.007318236066304
23.42356327353177
7.752621158251884
-1.1132518748300626
23.04069799193592
-1.8399881239388902
-0.004350965149216179
8.81792263668708
11.436828592677
2.535295741885843
-1.3486657231613304
4.4249014457436555
6.898047435428451
-11.641223125307157
18.31925893999482
1.175536058381943
16.842523492509688
-6.891538214797755
24.103747059377408
11.517559376554072
17.903190240162775
-4.4753027997117325
-14.383619617229556
3.0680621683528555
10.467071598634105
7.109380594648335
-6.478046533577878
-3.5189275937897087
1.053062123792516
5.895068458289658
2.7580805753171287
2.389635929870246
-3.5862810204875952
2.6536628083413936
3.0901368365506836
-15.511476693187717
6.682327235570993
16.278877283890065
8.694401300130405
16.592452681642236
16.99587840350099
-6.225544217057404
12.095963138801336
1.091757406997261
7.231345458139089
15.925539582728302
10.788810643552896
5.617933999043077
11.860902700400395
-10.22604177244083
4.274409962060306
0.3823813730872816
12.820015345855397
-0.7461679557802778
19.6169271154139
-11.624766630486612
3.3476627267482395
13.846871279702347
5.885829366121991
18.042445823994647
0.1326038865150121
8.572456794753764
9.489588553796617
4.422321888238925
6.815288265607386
-2.724807978800172
-11.008697638718921
4.198893359202881
14.518363928704957
13.351817042278931
7.681688393974174
3.4512188537194084
13.600922793300043
-15.143236751051173
-10.869217243886764
0.2700594767426061
-0.6050223220291393
3.109767655814475
-10.633759070519748
-16.340081190591565
25.90408595756006
3.3463336310000735
-2.0432316644658517
5.142817718849783
-4.528865416384683
14.612753585846129
-5.256687378467372
3.7701011572046323
-4.024640692655732
2.974087370914304
7.535264566813989
6.608037135413225
24.757881253580198
11.236095259497041
-13.390565279831794
22.507672768257997
-12.346715137131039
13.390930488431795
-1.93560820456735
5.963700826445114
15.845187973910871
12.487463893431634
13.704623159473309
2.2354459790148677
6.921431796171214
-0.08348671381846628
11.50378422924546
25.773892196870477
-0.7682530804024834
1.1195250126806537
19.116498774761816
10.873809258182053
-5.188049392196541
3.5546623806843174
8.724290319448583
6.748250174510269
-5.79677033431979
11.591791133442399
6.430501495951587
12.068680159360476
16.49242424875858
6.017012396497326
1.1912449005670052
7.882955030179129
-6.178455116811053
8.43313807158789
10.15878985396705
1.459751888590557
8.10573464474124
13.36914423886588
7.5289987305083885
-3.5097907097246726
1.6617524521128209
18.121805164599756
-8.867738318159052
-12.923103421343672
0.508900933899417
13.74391074254124
5.659389264995662
-15.504537218497845
16.15600932526547
2.2974592994309018
15.208115186636402
-3.138334726635801
11.470899822239403
11.104949918374489
11.146422062276773
24.442184975163727
-3.001177017773358
10.277421508826503
8.085725943939687
10.79103927232041
-4.5750258978282705
6.164501644000383
4.441249339169117
3.653469673847076
1.5621130373968954
10.329191246974082
7.392797781482615
-10.086486868733104
16.03032492237886
12.125565446966089
16.058517744930768
-11.742991691715481
13.48520014056578
3.3478703602160547
15.035807095709398
-20.048148246024983
1.8460237668749442
6.431008031552532
16.52876743696043
10.5870156855141
15.500904570457283
1.7917859799643079
0.3162233554716378
-6.521970306542624
6.388354962230212
17.328574696619395
10.537870544731316
-5.631065340737065
6.634652038549371
-13.212463465398812
4.843154365855582
7.453486783407534
9.933001031720163
-0.2712220734552453
17.644404284674795
-25.01083713475198
-1.7883082837013706
-6.350079426807172
9.233893538385537
-8.91176481675851
16.657796143345575
7.5608716659902
1.8050659892057812
11.197787448443371
3.7237211257482046
-16.962082108207497
-9.280753335737206
13.7709987374242
-3.988544568119414
15.746085889511958
25.379278948887208
-6.760823280088404
8.174515594881777
19.516741546024406
-0.10040053624521583
13.284843668086936
-9.83860965282075
6.607357181228384
-9.824795443732716
20.376699577622073
-3.8302478395288304
3.9691167845943696
23.23569001593318
9.427901690086546
-3.7901749857176377
7.280124884253381
1.455718583612441
3.5985629978343905
-8.135277011227998
25.181579839302994
8.597953745646976
2.858348215080938
-7.17986550280791
-0.2508005044457029
13.094756330782268
10.770240464391955
-28.856551377593462
0.3420245218086926
8.540239716454995
12.513931901536552
8.873628625625276
1.5211659565714575
12.780596988945305
28.56909860984167
-8.180520569899155
12.745010402526807
6.860751216736743
0.9937388350470044
-1.1291387134821127
1.7750972062205292
-0.030494284664069227
-6.985436647572056
-4.783211233035704
-13.499553933742671
-9.602802160128487
-0.5256796018113015
7.789974919049279
7.922451719603291
3.690550377789201
-2.9282275221283394
11.057612311642577
7.326933948868288
-0.9488779825286944
8.640376972800798
6.4974570083016285
-1.4995469021386434
-13.286049585971082
20.53396161243175
-0.34611841136852917
17.117535843788094
4.775394984149115
4.938648345442846
-15.205481222007045
7.486042020533252
-4.6876253357962945
18.83669426504898
12.246292853734664
1.5604960207900338
8.535125628077322
-3.4578660140571404
13.414662596889631
7.2795778247246865
-2.306600431264263
11.810437447801831
13.155621730421336
11.499230391211519
17.103333313668802
16.18606307242271
5.093157750124707
-2.6645065117460636
-5.160035780296459
-21.407434492574488
1.0430128407446935
2.832198469647951
-3.185637430253971
0.176086386387019
-0.8362683935886164
-2.5567813077384933
1.381113093898362
-9.28118502837031
9.116001747225294
3.2420300096701524
-1.1706777827013255
15.677422845126355
5.547127501379098
7.251552942318721
5.20014664286946
17.401351057474947
5.782172056624363
-8.069185224512523
6.019130947267406
5.079558185937357
7.964731220570135
23.6751191422754
-4.199259809536223
-0.8511737631722198
9.54556204737192
5.209106388906526
12.680411173594178
-13.79856366697927
6.426257563600858
17.779254585070362
5.9850252809315005
2.374923468145042
18.08201993531584
19.292217615603775
-7.014704544248133
7.306880704520417
6.677377141965708
13.436836415201475
-7.206922792365159
7.275108762726946
-1.602629963867078
1.9645687610731732
3.831587996547677
-1.7281954082133044
-4.618411531747713
8.23927784504784
10.814444740537287
9.249227962959118
1.6730772365676838
3.102677644214055
-6.24695937629237
3.1419464343501438
8.522360857186634
-7.264598640712432
5.53977194621351
19.791533378424276
1.6224545107125143
19.60895405912788
6.955235209872175
19.140350257309624
0.508492829232738
-7.83682750516302
-4.069201565809777
-1.3124942602455683
-6.350925505999994
14.893756946654461
1.975494158416133
11.569357906528955
38.088590760882816
-0.8528101881178873
-1.7177220973914729
4.680493822949336
-2.4032113530870642
-18.024006927225756
-0.7230240558533083
-19.95463110667865
3.2576674391364575
-3.3438586475658525
-9.106424227800108
27.12950041228426
1.334314331238927
9.378707425495445
1.1281136572015997
20.98740106340243
7.296961464339999
19.969928380923857
-2.818551538546541
24.125379896797764
-8.82628670786945
16.033292960146188
-3.777832355986714
0.37739510201326176
4.418784435398298
6.83567658849381
-22.32883209838716
21.66592782483333
1.3582553766086343
5.08908637613752
25.023954490524964
4.177152063338646
-3.2486096489845924
2.302639271514515
-1.6015898922962286
-11.670613271229431
-8.722976320061944
8.187943633517929
9.300977560552639
9.94073555804977
-0.6673921476940379
12.570041528057907
-5.1177460859124775
-7.442397767528025
-12.243135731663905
19.43726532807983
1.7048714144742028
10.325583110995911
9.765520868951535
0.30130532150752476
-4.605243338099655
2.7963791155226976
-1.150920446507624
4.156588675578831
-15.019155621995395
8.113394490924346
13.084696787931644
19.38524349007341
-14.089584517105944
13.118367261669118
-5.835485170004384
-5.236780499531545
13.47702924555079
23.478153892068555
5.865180981986729
15.104546556635697
17.724205365811123
5.461259755225574
-2.928961276415758
1.5418972446865045
27.571887041932307
4.872739185711408
24.24843679484487
5.5419798524419495
-9.123511830460343
7.867117299059837
-5.3690564425630765
8.873296757360396
12.152470594450456
15.249138576963189
26.35720732007218
8.648653645191947
3.8390913544734833
17.95503550100354
-4.076685880581474
3.189156367340784
12.727773855615139
1.0650085040633646
11.984192413449868
8.21074292722936
-4.00879242107289
-1.6043640863578235
15.627643491458421
-0.98786773863372
8.649130289076663
13.820569655204418
12.078274022960965
17.761550449254116
14.746561099283026
-3.872322988821459
8.853269734868794
0.18380784803649597
12.224922878087913
4.388934289835107
22.873412545187147
7.52502556281657
5.184477983101486
15.721772153692392
8.584057503852907
1.6781682499582615
-0.5253865755987679
7.927962955685464
8.177679818310718
-4.157879667994562
13.738681882293223
-17.86121118597345
19.059751088994094
-9.305446399621133
-2.740546954871485
-0.28058915707342624
6.015146256242637
3.4621010154521468
8.49260868222507
-1.4741640181621758
8.349376851872247
6.226208590408231
-4.601498589818387
16.630050140186363
-0.2902197143029799
6.093364294176264
18.991042970118645
-7.731993861585792
8.565587676037081
4.90822916638631
6.56219602427378
6.8286134079800656
3.5825192660286453
-0.5907492474876772
22.15660219567919
-2.9705466896595487
17.465220629494446
1.1162403523715687
16.858710108444438
0.28015984251185344
8.566553914777856
6.294558167852264
6.621347729875174
-7.450064741020043
-6.901479509101714
24.950728710878522
0.46902242006270445
2.8809491524994453
-13.596755584058592
22.73727446115301
2.1382633322668703
14.503647752232485
-2.5991948451511684
27.501491603916367
6.756502447438145
-9.226565534996647
-8.747174505984741
11.756704580097086
5.636148367869487
18.337508791846773
-1.8378249335946375
10.411559192220015
4.471581690478563
6.788967392951099
3.6997993085887706
-7.710632156060672
12.434726873569444
-7.16469056137748
-1.074245280141092
6.1124167403882845
3.254320523909654
8.42384188246208
-8.952493720022026
-8.817879226412037
0.17383558841788638
7.333725170540632
-1.3621673813827115
-7.688736325400363
-9.139110936894534
4.5994692277017695
5.4094143032552875
-21.26492081993193
11.532214775817238
7.023331939143332
34.0131652106507
32.04423298019074
7.155924299481555
0.9052819520074156
-5.512528508437827
-10.091222055050135
-4.240016474704655
9.958442632697377
-1.7809403724859507
-5.936372937337961
-6.270797344569633
3.106815031372441
4.5104956806331495
18.894723584601046
-15.608744892304397
-7.479478497802695
-3.093981006932056
19.30047935446751
0.38043050473636963
25.585459848750883
4.772258715444225
7.806800195788457
4.077203779744668
9.32624693982056
13.080271955895304
-7.985026591412696
10.116580671662511
26.203803216338063
-16.91300612099141
4.100207479271173
3.3410966583008497
-4.808084426079738
3.2602472766848827
-7.414166136375393
9.114834436732053
9.075228957298371
0.3421817998604757
2.360741012502105
11.109958688865852
-0.31903034266648955
8.035278210111297
-7.701778190705042
-12.309051701154068
14.579651155467756
-2.4725439591227207
-0.1410277344125781
1.2496058616436478
12.607285120153948
5.25182093512137
-11.187768504555287
-5.062138550044796
-9.132477370087118
-15.797754098959139
3.6316347724669846
24.154541687585763
2.3167869114972683
14.012485198512444
-10.199608747183525
17.47643254956396
-18.270870577743885
13.156939382187758
-14.215682831755878
0.15209150617922962
10.166874065531058
5.339693049473688
3.6325250415040644
11.650421463939722
-21.25296914539975
-4.243336094317618
4.8417690556287845
-0.38831709018563565
18.066572895494424
-6.8356005269033115
-6.519256798690652
-2.244225254573297
-5.108883871298058
19.879591089674072
4.674820639228831
10.697143744806452
9.153458725000423
-0.7689260588378213
-10.649518030748986
11.061560091108761
9.892279331030027
7.824522560100015
6.365141145610538
13.840218892070158
-2.8512345366155607
4.427037062758574
1.679769463781804
-24.931484144080983
-7.7187975660059465
-3.687078355999631
14.29992814499152
12.045757459673679
-4.044359976769286
22.575100641297098
12.252583349457524
2.2661685319780576
3.9077662296866933
-3.972064404268128
6.834034314504333
9.11322820339726
20.777246949702015
9.363945834075746
13.332184748286629
19.592821729942777
2.8319098488522387
10.905328380149538
-3.1850087394859283
23.075156951569255
-11.242400325049935
-10.574770987097432
-0.14386778712146775
-12.658401065297639
17.38861548679143
2.032374301350356
-9.116227640625699
1.7550362358143063
8.852139063482785
-10.350103519453704
5.808526079412858
-9.31515404712104
12.204052126969739
8.096889921048174
19.00815031286136
13.6420163317794
16.01400792786835
14.514345253734565
2.152678145708422
5.574617545012975
19.849516148448746
-9.682515950594388
11.213786010676213
2.0842512012985126
0.19243491348712727
-5.3790328554707685
-1.9248790998735457
19.751610807793774
1.2200491246668728
4.683608786479315
17.39526708210898
-2.9062171422598393
15.29383849502224
3.743108183118673
5.953797623489951
-15.897140224867204
20.44960576029399
22.196472575349375
9.080497055219018
9.768347037960883
5.338083155245224
15.603351795109827
4.630240576627766
5.344521557452932
8.147160480324054
1.706975075667251
17.602840557045205
9.97535653059136
-3.402436430457767
-0.10799915728533449
16.025411130915828
7.398784682615925
18.225071531285348
-1.1180441048543504
11.302000555257521
13.600750783627696
24.674287427032347
20.434992479077977
13.097562247524072
-10.992148322275476
1.3935113059416033
12.417834184851424
4.758923208298548
7.8752917633610755
15.8099647434973
11.374108724525772
-4.755097607869782
-4.046635757455508
-3.3746904646727085
17.45767328681356
2.2051859544673027
-3.416163884185588
14.97664810439446
16.23209043386865
6.336587504164351
13.014123142856398
12.285191779004194
0.04242855129173151
6.550944946403582
5.340977211483199
9.542770930209732
5.448464010387732
-0.1603784523924876
8.096169197128063
7.045680126038013
-0.004930631745642344
-11.893337574322324
6.580006306332558
20.10661838144464
21.973327837532032
0.9778490540361879
22.38176490438876
-13.896328516260336
16.84752487240081
-2.5103842290667355
8.807130478509393
5.206709066970216
0.5034089355897615
-1.6071695933411174
-9.267540831363686
23.204396078968376
8.328980110330399
-9.297524746360285
1.6320422959227758
-15.985516123608026
6.256435204005381
5.648134158623855
16.378545665840313
5.147967526774435
19.68945767554858
9.215603767527918
-2.1369154309583447
-1.7226155558822267
9.537466111600551
17.17928470119299
7.886796747916586
-5.946794157809281
17.91116200903042
15.80066314366546
16.989378308479765
3.258940925456312
-5.154061940075202
12.882650009859269
11.527152202953333
-9.219588586299658
9.735702569139324
9.493763115576272
-10.033582782667933
5.289920676927391
-11.472165808737497
17.504633193755353
6.405331772289716
-9.263669379336456
-2.7052629275122655
-1.7013162207558006
-4.743666172641545
5.36608309384358
3.478971223825329
1.4005201749498912
7.472059962224071
1.7963287559084447
23.18398739307908
5.131170568488297
-1.690649980240794
25.387640603644407
9.942526255275391
13.845785189584156
-2.813071836367559
21.264764432159712
8.429695459517994
0.6749617567996351
18.45222957098496
-12.710780389536971
-10.339186068376057
10.000845777979432
0.343022150890679
-3.2635411788577144
8.613768771981182
-2.266233972507809
1.0612204668757172
1.8144645558870485
6.382796680018767
10.390616542360917
-0.33711031161749894
28.026560718690874
-0.580527537066402
8.75438501614472
-9.85914021630257
7.526422946743789
-1.5758658429283958
15.489499036285746
1.8752817257101242
18.619227985015645
5.846070347934933
-0.7367677426874337
9.299881378540302
14.673294076931747
9.297809407458598
-12.776839013181533
8.605706412644633
2.197474323574986
17.740588308630294
-8.514679291984162
5.583159002155631
2.4930807801536634
19.411617743978162
-4.840871417929485
12.470855219091499
-3.6048578913484945
-6.925773108402884
-7.143522336108639
15.135952274300127
0.5658995968055196
2.6467426185348826
18.93906810424361
15.674865308666192
9.754285141749564
-17.554113525331772
12.628793941251065
25.85757148105673
12.744961476290193
-9.385977653079411
8.502318023777097
-1.0976999984165694
1.3661228263741698
17.901559740656623
-0.14672980930260948
1.3319904230853394
-7.627266641877917
-10.874403226956474
-3.727267797647853
3.6441382993685054
13.570579474012874
-4.843296404967415
8.155205257818162
13.527679082614732
1.1757915005911972
0.4930161959002364
6.795271646541506
-7.661605333371714
-10.548365138842817
-8.56915354196552
10.687995593550168
4.705416027033624
-2.050867641508564
7.049552255717158
-12.633800999161142
6.32035118322778
12.9373316496992
0.40933971856655305
-6.219855205805775
-11.126918956422163
8.938236324757924
19.423191353779195
-6.35326181584478
10.049094529089036
15.394464161327452
-0.9162073465875089
9.86526348351733
7.664401578406795
-6.359128831161581
22.389783007132056
9.116761322799423
2.1962885283341684
20.766511612455187
-1.0321922050672079
10.16014100204793
-18.734879385225938
10.724611062456084
22.924942988424426
8.837299504760114
4.299388638519536
-6.1479753208125985
10.121158611564587
-3.0235957400228575
13.527464201232839
6.353367294249617
5.749556134545134
10.000897451728513
11.27888680544794
11.61165035186097
27.625622269727742
6.464854804472065
8.037483742433196
0.9820757834491616
3.468989002517725
-9.271578068508129
-3.6546017050204007
6.22096653721977
3.8497080005087767
4.818949647604117
3.6590408610384415
-9.556649461880093
15.243558382925213
-5.646720812313644
7.981442454412967
8.8187986587034
12.6002443759127
4.2438458417186835
0.569603623735345
-8.252011763854355
-14.217158397900938
11.36152248971408
7.700257957696479
15.271852811970241
13.056974042375412
9.14643311832497
-10.906767739643925
10.2602693279072
-2.5662915118495064
-7.8792804349066365
-6.217920150783163
1.09011119963774
-4.060464304027766
-13.682971844955496
11.999056035152584
-8.534805136486161
5.4031509140769645
17.771960346302173
9.19582905525709
10.464156559310569
1.6582665855775214
20.433316751143487
5.20995907104024
-3.78146757622088
-5.831398802117745
8.428101688443062
3.3792843933711776
6.28651699958754
7.014674067470587
-7.530425279369439
-14.52780482992867
14.172423441217816
-4.944133956618176
24.3426103632318
4.681465375701257
4.829689375055776
-8.629181074503174
-8.330932448047331
5.38873928235224
7.0449958217073645
1.898826383015698
3.6850859969936627
4.5275175131753
-24.343249353657246
14.585042297061063
3.1950028981505207
11.807840757409487
-5.007945323603199
1.3607492878461667
4.273592317414533
9.263964699532742
5.077826200231026
14.124772122159577
9.441528070893334
-8.96755375839981
-4.28053081034925
19.690760852484342
23.675064232642512
9.465408322417897
6.042165499689471
9.281219180862603
-7.323425140788551
26.851719326687533
9.500206960392248
14.177137240176314
2.748897356441024
8.462212499069675
-9.863931638708854
6.301929426888107
1.2335257551263346
8.950721108994912
17.078136134854542
-6.908433157465987
3.226015805923891
16.029180032795516
-9.23202667509322
0.2196052862449145
17.331496816456493
1.457003923445674
2.9630596056394247
-5.524623969173913
1.0965123121404092
14.403571629013207
5.286930396720698
5.410607758908875
17.936103090431637
4.990513305409819
8.131522522491073
16.814707267194265
14.91302691148331
10.126347975337826
6.575794140390289
-9.366863474573726
30.81829403083626
-9.583628668132826
13.577633209029111
-5.929893172354268
0.12220774242395205
-16.4990787328939
7.5960914239639825
16.717990012448034
17.47738307870487
4.384111738195463
-1.9011669211325515
2.6505618225584433
10.98035801343971
-3.4241564590172366
8.594047732673268
-5.967020394454314
15.166198650574954
7.323240467029079
-3.657833934731446
-0.6188964056523254
5.189303904269163
18.637024338753335
9.53130403699985
-13.221958679730399
-13.987492188822102
-22.60031090988107
15.269049443153566
17.79532069881894
10.894753949743292
-3.3525453049108354
-5.186538880721859
-3.0883685356558495
8.236577336926741
23.601958790449324
-2.8138593701032946
5.793865971843183
-6.87855111359665
-1.0201244039635027
6.680344629340259
26.975654005900502
-0.24447647518231452
-10.346832630655365
2.9756518849120974
0.8389146786964137
18.384371159000224
10.650847472602532
14.805720922855654
19.41901103095866
1.0983924495304915
3.026819470178341
6.494472020767077
4.2656507682881735
20.047847046956164
-5.409462762398595
-13.982551844033406
-3.145603040847986
-3.2769892461776635
11.661710637592783
11.22520639052979
-17.361554923974325
13.518790799708047
15.691280796926833
-5.509527025434583
0.5729917729787788
5.221619499593574
9.510102678531211
3.8737961035334734
-10.197656848174844
21.187075895305
12.746779339845254
11.56075336370439
13.444945026371752
13.05212687562822
9.00838233866045
-1.5248415385920318
17.864470054580742
16.70355146259285
3.682642003073062
14.292718002766486
7.593370773963326
-4.4658340406194785
-4.347223454405867
7.833917960123485
16.31473314443304
3.5200930598468965
-8.645608615922875
5.788973765985825
-3.980884190563131
0.39345651740914
1.409737749956193
12.7451049913867
0.17931872203880506
23.004047728907665
12.138810226750772
15.631182197983996
-3.984786367762382
19.68102362537236
2.053360519525451
1.2631064731783361
4.840276375424503
14.705792682895268
-3.7578106096795167
7.757820688407184
22.338121661115714
-0.22640898626854877
3.0294345872251522
2.0956925471240835
6.099030228929722
7.538596155692597
12.394296451895606
1.1928161185439206
7.791076902581269
-1.521118947774375
-2.7611291480147306
4.872647888151642
14.281975335265667
-7.709567320901973
22.956358976293746
14.902022681891824
4.886486097727329
3.413139986732838
-3.487345326982961
2.916588709652714
1.7946516054445638
19.38929126290862
22.19974387270655
17.505685792078417
8.344794488067572
-6.259064944697485
-9.163146245575756
-3.707821663715924
-3.2327566163690165
-7.985847408785151
-8.73016084117701
9.947306728665014
1.5359909503668776
10.447347099879796
7.251802823277268
11.951762541540047
16.248118530009314
-9.330651187133546
21.83439449564185
-8.804921819786124
1.8925204246973486
15.451353939928916
12.88267975873225
12.620825501234233
6.360338229864178
10.692110310037304
12.39220790923138
15.055393906048256
0.5645191488866086
18.05208121722036
-3.8580124876095176
-2.783614276150141
-9.055857732956659
-9.131895159033256
21.659966734923554
1.1905261485312972
1.904305051128215
-1.0662933679907374
6.395583845839643
4.277301170636196
9.336383830874484
5.02938750386344
1.2733435230837014
-0.24035381059410188
5.71349891913265
10.405820079154054
10.937097863354978
14.115629197598668
11.978053832816581
31.506342614981758
-19.64442685446035
14.638196569574188
14.777616522347596
12.849789956323075
10.613472715275414
21.993032175038365
1.9601794371674117
-3.0905665498991812
5.778285463899375
15.332725178776236
15.352831034899904
5.692701791176904
-5.993392077532079
2.1639668401562058
7.0530124197645945
1.4291454760757216
-0.9584343420999186
0.5439793569809002
-2.876545392031459
8.84267550286712
-2.8071434236099746
9.4760060674306
15.717358373993784
1.164390615694054
5.269133812696779
16.622245354365187
5.778640513612011
8.82006034385257
25.75201878931328
-9.094456577389797
5.084229826536012
18.066911225787965
6.856865081101618
7.16022903137446
6.4599062235137055
-5.50903500059318
-6.0690186551498755
10.285035508119256
-3.3661574900936415
21.482302196502058
12.811298870023283
-1.79843901331434
2.983069222534765
1.8569848602433794
-7.120375342849831
0.28465586379297214
3.7301870184715096
8.500582846980112
-13.111123472146623
7.786626615703264
9.609442896828597
1.2815984009604833
14.478760584042849
23.66398152544349
17.914865997442973
2.9483150075759665
7.093683426973953
4.579472248907313
8.059387401194487
4.397764109498034
8.82978869084211
13.332398468306
1.8412005335680948
2.0391335849738668
6.909086233753772
-13.676543914714042
22.720006338798452
-9.82091457157506
-10.458429067534848
15.801748299970182
0.10406087808491815
-0.19687144869985573
-0.6281043759621081
11.911461904541795
-1.7611301433970459
-6.456182502040409
7.09810821980672
2.0297252852519803
11.801446726161586
-12.792092221574414
9.988594730716752
13.88889195390149
2.130027656008933
7.733334309825169
8.942693359159312
16.549650217254907
-0.8225021230741101
6.722243755505989
5.4609667965593065
-8.414501202033804
-9.442861837336684
0.04556524040432475
19.022253610770598
10.463833012747719
13.922068809184564
24.40400551606937
-3.780970976055528
8.16247399217621
14.692827608132779
-8.935821282920278
-14.182804828157302
17.662620201913292
-14.07267665603754
3.527468076960198
20.61817613044434
-3.118592406632933
7.181686166088049
24.214516868398736
-4.294052205843329
7.616887492936582
13.961207777045667
6.106219160067198
-8.968841395977353
18.08305095980216
1.3994941496490871
-1.005768025834377
0.40565993285548974
10.441812213398874
-1.6826861969957925
10.099303292522903
-4.513481736915757
8.685334721783597
-19.909384497487565
0.19447082875562316
16.43720219126619
27.011351018951046
-8.000858469372304
4.257982251403774
1.7830668786155632
6.200780565344357
15.701368799083069
-7.261232920949247
-0.7503195780866898
11.632630733121033
3.4666384749099297
12.487875108562243
3.3504084744490656
11.401717364464655
21.67594119026016
9.342904743330779
21.82454413460642
-0.7492994352184636
9.861873314065779
5.148757032645502
10.377781669911467
-2.0469773470600883
6.175491114325649
3.1694123182686806
-9.525303965758606
9.942606579374928
20.417309758347955
7.956590441330126
21.91855869099985
14.34892440566229
16.275688469380192
-0.34762114167733493
3.122937357350332
7.947355878983705
-9.161988328285327
3.9563878529920187
-6.890013697239645
14.101761247894768
6.743740296758533
13.62272981462122
6.710542489737888
7.211482052226518
2.109726408706552
3.6776865954505866
11.96910460691456
21.822868806940892
-8.177009635143392
3.955220698056307
2.4720896869064246
4.766358395571905
12.518667298146724
6.115928145468249
12.151423256365788
18.996447349437254
0.47429980957077866
18.905589247164176
-0.9261679908072997
3.3315986991531257
-5.498539427752458
-9.505720539103017
-5.663096085777601
11.720456893747887
3.2614054872190255
-7.277138472878912
-2.2584838670118454
3.2861863989309654
18.55188753003571
5.985830904532418
3.5336866650082697
10.512486201744805
-12.78410813314401
-0.22796892710388583
-0.16323028376323823
-3.9505736956540165
-1.2124169234510251
-3.5188836176237803
8.579901809241662
-8.354297535608278
-16.003083116691226
17.170353201290187
-2.1490137801842666
14.618873944454364
24.99304307570678
20.176729588004456
10.74736751074447
-1.4179802722935095
0.3699194007893487
-8.43526583618347
10.29110939852431
-1.2607557725830816
-6.824887465882199
6.237660480413943
18.640707058656737
5.824242694794672
4.05410543731821
2.040005148513136
15.316697836710851
11.290283035653008
5.5549488795626685
-9.711543067180259
-16.973481512991626
10.290728157103885
21.742701390707147
23.230546843294256
-15.497005930912628
2.536611220415322
12.87055956587246
1.64500201826481
2.9721183359535437
32.025086328778784
4.753423735381238
4.366804031906789
16.49134092581954
-0.3081004745070315
3.3028405441929474
3.7586339547602097
7.411172200721047
18.94531994055819
16.335607354068607
2.7402855502808334
0.6575210599393237
11.321021209553727
-5.830869406704977
2.798173374877707
3.8325291791055056
15.573985656108448
-19.93828330733876
18.49869026303853
14.663072622773896
8.038884598727538
2.416138337803087
5.733037803981594
20.73498651779947
9.136123525301004
24.752625018934097
8.72145853476073
4.929906317220846
1.881255668717336
15.867156442890016
-6.486740803104903
-4.574849017669198
-2.4773293638383027
-16.994125525329302
6.407160098139475
5.519391762890336
6.057450271595879
-21.72601151381918
-0.7725224324087021
12.37185663744372
19.771542240475988
0.1722480205143242
-9.989827934506001
3.004758275612809
-9.005167907109916
0.6560289201401526
-5.741268100567556
-3.018369573339438
12.083533620110014
16.760122255814753
10.360576605946175
22.589646905750797
10.897007376562502
11.252473649036563
-7.022428565223821
11.804592120557887
9.494835356902858
24.247358554768653
8.794055144520211
12.52680441661532
22.360351891964005
12.29523841072296
7.75325951457285
19.519633168574842
19.024700571005564
14.809710372076715
28.825111092110657
-3.2278780318050657
-6.059768374498521
19.825581582222952
1.0948290075203881
-2.701667121769546
-9.349732151558046
1.700951484679183
10.388708870007246
-9.162894178069095
2.048962529347925
13.02432615683303
15.159882041712656
-3.51402793136214
15.960453018662948
13.10388377623823
22.717321696392176
-9.124316031173713
1.4175034101407382
-1.7526224039111007
-7.535560338953438
2.549852626369521
7.651572560923586
-2.9935187468812563
10.304237591737277
-17.13093292418451
9.616802862544299
29.373375690049087
3.2179930239553585
-2.4497145737075385
7.020556217232975
13.498530190313785
9.82498487049043
-4.04968231046719
-17.159166386013524
1.60837284013156
4.610673637105213
-8.311817297833521
7.757642477929919
8.37448810398914
10.274876723177647
-6.546246318908526
1.7844119531457068
-7.067086225849142
-6.020671877382869
2.246235931045529
7.978240425533915
-11.723683302102398
0.7457715109028209
0.8398241295777549
19.903371967111127
4.841752551760801
2.6655736763030906
-8.188683938650854
0.3667325724254926
-1.7097238956854355
6.945771447181546
16.78015903339714
10.894054444994364
3.205665382299628
10.730403879454375
19.6179530383265
7.1268727091152915
-15.503920714377983
29.00018484933014
-6.264639528036884
11.897847781231143
7.646032991912689
22.394944781081133
14.909925639686712
2.466615651705652
6.899141411833532
-14.612488407563816
13.52089735829805
2.5901057173369226
-7.062293126727008
21.092306719912482
-8.35951170410137
36.567569226099785
4.320546824762688
10.51835660168288
2.3642652356229106
3.8855513909687107
12.189663602847162
13.242433658371471
-5.407917122604413
4.857675784522505
7.230374332974965
14.7807972850471
6.45637480969104
7.628824784667092
6.269233150856896
0.3627352837693749
15.323338059431205
-0.770528227964185
-0.35987423519128736
4.509339680187663
-1.1042305161203148
-9.786122316612962
8.682885109894798
9.478176587385413
-1.521133489767175
9.65556211078069
6.950772022562596
-7.912008220890561
14.379117614172149
14.647529360927052
-10.522178564229975
26.83068750277476
2.0718111798465677
-0.6344011502392846
7.517523778314631
-12.002040213915272
-23.103795008229472
2.760391976961577
-17.092769983055263
-7.380190239925302
-5.661100686348529
11.339673918467975
8.811378944019062
13.728028517671614
-1.028074272135533
-3.5760714481031695
7.261058552691253
4.80924954053549
-4.758935216487254
13.6346244391671
3.1313681231731865
-0.45484017781784036
0.36131225558823576
1.4041424469118091
-10.826113853065937
14.930216657242335
9.54783649926025
7.872074791270604
14.176519948203792
-5.379108486990987
6.192854197819251
5.484467555715134
7.952732671121761
10.918118401722605
4.665273390143125
-20.296872294233907
20.19417012524179
-13.494456379105927
-5.873199578915049
-7.24538620548298
14.542918172059231
5.253684983632745
13.56416734170427
11.835164514962905
8.703626103723053
6.803691853717741
7.05946783763611
-1.8189559213293505
-6.853943926817841
-10.957702889341512
9.241439823531515
-7.949905984139242
5.027157408994331
1.389816526833279
6.325385476911854
-10.328889699556203
2.4489702595303493
-11.888870112536424
23.752472845172502
-13.339726890922087
4.832030537242895
11.26621868887202
38.70118410442016
28.772715451298325
-4.283827498656873
12.049339335719754
13.409395458204788
10.749220190726172
-6.538229148175837
-0.6736717603110218
-9.093120556761926
34.14713898436368
20.605233881803183
2.7751476398923955
8.627537561059988
20.48129555535043
3.7431981053283083
-3.3806046419272544
1.2086825428285501
10.488080737249053
-15.483993366604093
1.6729410669685683
11.729182155891056
21.651501209101976
14.69243276604895
3.861740321257191
10.251715875333458
-6.500989186552779
9.683123325563168
-6.801698155330843
11.624084943088153
-7.129819114540643
13.054930893524908
1.0606006223555333
3.1504330351015675
-4.7983047542005774
-7.311629474040069
17.4112691022274
12.093516226268365
4.060840189237713
6.707484511977243
0.1459391353705115
10.151397300697376
-2.788537677733692
6.165310245895982
10.59063639871841
13.624961931110377
-10.468735539708511
-6.029552830473708
-14.074260237836565
10.015629525520062
9.236367400909813
-6.853272107064047
7.224902771379931
-6.019285219953508
2.96141306201718
-3.5772712641402684
-0.40651126268738924
-3.521992463923997
20.935200421254066
6.50502053381685
0.6208690700407686
16.293526449631756
23.865187248407697
-6.4799289045911905
11.322064668530716
9.16467445551962
-1.1149007109487554
12.620252733989917
-8.508304193956732
6.188674431231354
19.780357530298712
-1.5670466296644285
2.6522196077366496
-5.281120557658456
-19.40918591790482
10.931874894776993
-4.412398510244376
-7.17744269454915
3.901775923615639
-4.8515319989520105
4.750798388410634
-7.113579846032978
4.185192383692681
17.030524277379275
9.795981879162127
-3.2904239336969603
9.926501053375404
-0.21340147651042773
0.3919651452837556
24.833780352484958
3.3804194203658353
-8.615332212367608
-7.740557841387169
-2.981563632867007
12.547625648419682
-4.660038361737081
5.720850021353905
4.866419076725716
10.891630434601698
4.274041354432735
7.924814162602896
2.4002656916334555
-11.036765220543408
1.8204915983082666
2.4143402375389504
2.3924718679211288
14.700711272619825
6.416340898585204
1.3183754440175393
-15.414116963728134
14.430733492709692
8.714468971170122
15.460156855438491
32.50027360751725
22.20874479258069
16.21390956152254
-1.9870624402595212
-0.38096533440935776
7.883221184464238
-11.469158331553423
3.9382823173682446
-7.357043674781048
13.482929577972085
-9.319594658254077
-1.7188584970468845
6.5882575357923345
-12.65036132393071
1.1605736457263376
-6.85298436090568
0.1706934334180561
-4.602096180985026
8.142512314626353
-10.417229424793074
10.556306546876332
20.790758077029828
8.984333144446023
-3.2786343668222866
4.289089107499848
5.220166215494859
-4.555915608244515
11.997414761008383
-4.205105679868224
3.5685559689111224
13.16729674313838
-2.4114189933895025
19.31576579895775
-0.8711293005012184
1.9074859708134992
3.676618351676141
9.038615404670226
-1.1885285499028626
12.809894904456202
-3.902679681929424
-9.608410808830989
18.008416429641812
-7.3910063836424875
7.89238120371731
27.338682902120176
9.558859036302596
17.645271641541775
-0.8501076430901486
1.068122214044375
9.335111872402571
14.987912562128141
0.43658907277519443
18.020590428670168
3.899985237059075
26.316772987788056
-1.5141643779721292
4.702269231747334
7.494228500048502
-13.533590026963434
6.321824624955436
-1.2612933337355603
12.049409290307842
-0.5921832848724602
19.876347156687856
0.9197991371938281
14.30726948933122
-2.5804942249576603
-13.252452276532043
-13.60770771225938
1.7426635494669718
-4.8413367049806215
1.921003566872849
3.25109172784507
-9.13766841688194
17.446539507653476
-2.117439457008391
19.571947383758907
-0.19250315569859122
6.597776571760057
4.7602200659245435
21.24836905842237
6.889720953907051
-5.474342028364818
20.442343044471194
15.522186241130548
5.3813040401982075
-14.604260969765175
1.075653967839592
-5.460694968761606
-17.612310495187813
-4.83026756929371
8.065692882685862
5.587278639867095
-0.040669608915260724
-3.062559635937152
28.24644495388555
-2.488595747295311
-0.5909485120247133
17.43055630296663
14.724070344789736
10.753257451064059
-2.2800750979287976
13.044934081222365
4.860614601918794
12.627818900632859
24.92865124144536
20.650701404985046
16.1298011697924
-4.701716368776497
-2.7334010126965804
-1.2982363043844005
15.874583629143801
0.7549943444601661
17.96882455515648
-1.0203528742744332
10.134302947508608
23.032274834663646
-6.259832381642907
32.79430182670524
5.221677927546747
10.287474164415112
15.888636904490491
3.504279438684223
-6.428386613586346
-6.2452040421154855
10.544994338168507
14.955353101324024
15.772852784794022
-2.0846483062330368
10.699472519599503
26.15715691656198
10.895192399907884
-9.948234591376748
7.742708607861397
-23.18258321884884
43.36733262592491
16.48132826783437
21.031970777352385
4.405123993419728
-7.010009036348553
-28.42485662059903
2.681601542748663
8.149153678780507
-6.403088630672942
-6.114622792718674
20.177369444164082
-6.37251446354345
-9.588529526222107
5.409537139148525
-8.14566692507827
10.88682810717283
16.385273487550506
2.76980581634715
-0.26401292545745036
7.354667676696807
-8.928806190299222
9.986974382454328
-1.8322967190783626
5.84922597380939
2.4974289385987554
-0.014010201087423013
6.015270091523138
17.82056082103121
-6.752682486714548
19.604964259814828
-7.7032928616964895
9.10267560653485
-9.64576564772435
-10.03397702234591
11.678991616506202
8.525331520719023
6.796414046386343
-12.349626999666793
6.984771201521301
6.090987267152777
-0.23517495539946953
0.7945671708094011
21.69852714681203
-0.9706706873992292
1.7164382339780326
-2.9038860360243763
22.06904600303176
-2.7901624990946017
-2.7957084964972676
-7.3275110870738995
-15.54674084130298
15.246852643101278
7.9702700902036465
0.3092189358794153
-11.314493227868763
12.885178826642036
0.9557170971678488
0.5824564982089777
9.988381262136
1.926451523024209
23.498765144612783
12.695917378380841
-20.543934888996283
-4.113261900904776
20.303410101746564
-4.677747044718139
-1.6353494584567896
21.0550534191626
5.314665517817067
0.24046612941658196
23.157430868290056
12.989633998402425
7.338475518913224
-0.865865603196891
0.7203284895753441
15.729727388160779
1.7790188127383493
9.162546978244512
9.035842374409281
5.441306065598895
13.372730478392125
11.43224079353687
-7.003137664748657
-6.363916091192223
20.72081534741475
5.4765431021834345
17.804172305915415
7.337454495126554
11.742389262465565
15.79275565883311
-14.03273762710537
14.530719973504402
5.060243224830324
-3.752940969313853
-20.424708386340512
14.392540232214841
-1.814318239585278
20.29296426409717
11.176181292553801
2.3466435202512037
8.562105856647236
15.520787533385874
8.654900740656258
15.46148250932781
-9.432902378931265
4.532633836578493
-1.98595174946857
2.5179192450553898
-0.32619983148507536
-8.900103769159317
13.004792537588605
5.360675997540906
2.2382997785742695
15.942406179118993
4.588986171113649
6.695966963573591
2.913612511007715
4.842568747916546
6.7156082943056905
6.320525046100074
13.69733024928757
6.795870083501585
15.395029360591906
0.07017154902664391
-4.872500318730751
19.021012482022254
-5.550666582841872
3.4229146932577237
2.7409089859867954
-5.978799173071028
-7.032695928984186
1.5453407844379772
17.26852527118
7.275760277835047
10.720281708801032
13.732900459802268
15.900444309173867
-10.26750053371142
6.294494729303853
11.463488430658764
7.393050385422646
15.908942964830018
3.855272152829021
5.403423830831073
2.8915469255954322
-8.007024547382589
3.828846046108572
14.42556778787485
0.9763119416187171
5.227829363480805
-0.4335126286203952
10.372631615644254
5.118668411834687
-0.7658805429276487
-8.06574625997368
0.23921064493672617
24.35065966959668
16.290637259102656
-5.508362922364277
4.5373529610069925
-7.314734226364534
22.31357688058721
-1.5640068697923972
8.413025326936651
10.319538457000766
10.117920979625548
-7.639126311206315
21.42944498109134
1.3785783214506733
13.375272482756658
21.229139803414622
4.20453658070358
16.122059127498655
-10.602470239805621
1.9958536902213888
10.05273069772516
0.9053841494229413
27.356003575384854
-3.6041125630326984
21.6819891295632
-13.065922752782313
0.48741865521994576
8.777806455120972
10.77203869496758
1.3769068038381995
-11.668691974395045
17.81234151059705
-8.466987154675481
1.48124912844882
-1.954270129152241
7.589189875238127
-5.44522888419964
11.21911827061826
4.111037700120731
2.5217668180406836
10.777126734960682
-14.422091492731816
8.012788319368312
1.280606987578576
6.42002120976954
11.90970147197333
7.720010133695984
12.126792561546152
6.083025392550442
-12.805013704142276
10.829998125957035
19.678140746458713
19.58112357296019
-1.312624615675631
6.170301578664761
7.5672879145293965
17.690441899214047
-5.0322660824074426
-1.6942156684383027
32.42986978062188
-9.817074888034423
-9.48412177082057
8.656273123505727
6.800409916235134
-5.904794591743803
-3.7095155871962753
14.219319617944503
-5.68016930229772
0.6607966279268194
5.841595991485576
-5.40723347854691
5.066632273091588
1.0941258503196694
18.272938846274904
-0.39140054759709564
14.003002842927634
3.471919786745244
-15.223231596466587
15.223754358730373
-8.571210297272362
7.0178327407961145
-1.4009595805629882
10.543191733796059
-12.265957804413699
11.1626202048375
19.092355744731197
9.488763210953119
-10.119196314696339
-2.8279509034563555
5.58305076649861
9.354735024096657
-7.214898173015934
-3.5578576275199563
17.271638270565166
0.22910880972708902
-9.05839132649123
4.018391351592
-17.472900135534097
-4.157400918751263
5.022843464388826
4.71860762888478
-11.590269217617688
8.258601839247774
5.43150036084891
28.634836209149903
5.63343729045772
6.073656202508286
-4.902260933261241
-2.227606154952623
1.9441841202728032
14.344630567227515
-4.904596410496877
13.257136640440052
14.318623559886444
6.854988442348646
6.681926791361939
14.502462692053165
4.541481625213041
-15.508794537288317
9.18097437098701
13.120550352937407
15.69960367479004
-2.5999662822823844
0.8369774544126622
-5.16420500143775
3.81246053931092
-2.435300587995962
1.2950043962641438
-7.728447443062926
2.8507844584798234
2.127296271890398
8.543502090637801
6.67933179003191
2.873958668282674
5.681072661174453
-8.169100473093952
7.644386989769942
4.577982126898462
6.299911921597836
12.213540109913495
15.911284292245947
4.268065551157136
6.295848244782031
6.605129723667726
16.669649788596594
8.884368905370225
6.587426871547002
-1.2089016339803758
8.262116508109507
10.636605724092778
5.771584560397267
26.08984331987844
10.052858274353046
2.725849899294183
11.729886443234989
-2.890524203172747
1.7380746858810974
20.91384190888842
9.002729525460708
-12.289325544767497
-1.7357450408271582
20.282223367509495
13.833637993134603
18.609683221979587
1.3936483255581518
-3.1556698989431826
7.165009156645861
4.192981314154319
6.121998832361141
11.40639741048178
-6.545321934218727
3.4296450498975646
9.661146151581335
-4.54755845663024
-8.58897893687698
-1.1892758365411567
0.0492059133524787
-5.032744655118179
0.9937126477018428
-9.500271167615974
4.950410585482361
14.920546561317812
3.3304305340752993
3.2980787604099113
4.392921973818579
-11.109642948518037
10.629896786263938
7.017322713683765
16.18304804843297
13.084076475922542
5.303197637062343
10.96272177491835
0.10801617486044712
14.767594626289176
17.996201749006637
-10.77966364827343
0.233228278138907
-4.0417246039321615
11.942631727366129
2.8823062770869834
19.32629990614934
-3.224948303587098
-2.150767836212422
-7.512602330098087
17.95596387648366
-9.106403890631578
-1.8928318545232594
-8.945797290887786
29.75658468120368
-6.635558130751917
0.755372499385091
6.644939934383408
8.81785666297478
-15.05172681702679
-2.1527235340735738
-3.741220564385179
-2.477521581595572
14.036523303569131
12.992428244557393
-6.479229065165619
10.496135796084864
38.71828446530226
19.056731404289398
11.923942729180503
0.4219939226698486
14.507139493426015
12.423246976812878
0.8078504416710182
-10.140428387811228
1.95561515104222
12.162141545631634
-8.849476326983366
-8.087720497419998
-0.8571276750712009
-6.338457558575254
11.302074679546875
18.39033915723451
6.617717828235014
17.058352960014965
2.2851080960026433
-3.04940818150304
0.2119450122726736
10.874469234635496
-0.1583541358700078
12.985007915967383
-0.6753116283243941
6.722214486286817
4.766433762140014
25.644639176949067
6.142055230283119
25.463827786274877
2.0672776783717675
5.337891837801249
0.9490152659657465
6.5919152336066835
24.645274166562093
1.6571911820313892
15.408641896114506
6.467829625615459
-9.84638333308995
8.66101461220065
-1.0217971351124167
0.45543653300032716
-9.009712040430314
6.461737916407852
19.16843275243381
19.200798437035644
1.8487242803158805
-5.9404404688201
-5.333691275664698
-1.795251489331262
3.275441890765048
-2.7237497643041078
1.3714105549998412
8.97620652814106
-18.49021081796648
11.89144555722243
13.859607439689782
10.191190443123507
-1.2489126214598283
-4.455672810690514
18.841015832577614
21.33066995673371
-9.979411607839626
8.192385534798092
7.471557722241873
30.280654872750418
3.2480912745044455
13.590166169104974
8.380382925984016
-16.95964738529968
10.187270918481609
25.330144135942984
-3.5295683600862464
16.846440052675327
1.7750830694020872
12.060811444129051
11.887848878748649
4.669293207415549
3.121456739790812
-0.3629044274829454
8.659680219226189
4.984907276036005
-3.18387382345686
5.125034647279447
19.19075643893462
2.7292453345762406
-3.904923938187771
7.499426326851616
-8.324089689294027
-3.4070439432922672
11.644679978555263
-4.7917670710530675
-13.930526972338399
12.993772576532821
8.473031147440713
-8.308656503939718
12.160326024860506
0.2570348225749388
-1.1182417382168683
0.3624818329046562
2.0995615508927545
-0.48520016432548196
2.5406193612622627
26.119993643945026
9.426213487226992
9.111079356026181
8.761941521440011
15.960099036002596
-11.048497866459261
14.990206507714115
20.58173538989599
7.7857701773392645
11.277619369342801
-1.5021298417953188
7.020144152068121
-11.790221502994928
-0.6747352866610932
7.503465470783915
-3.4620542718408256
-5.448633867777961
17.77540213032681
-4.259556080841961
29.52925325182012
2.9148328329444504
3.5663292788396976
-15.789576227331569
9.09913418667811
3.811780942482951
-5.56327750670089
-14.886489011018803
17.065474608736118
5.451852100201705
3.5270030689586576
12.214777381786034
12.272208461877527
1.2933295160253127
11.224767095947348
16.83851690905953
-1.2452148344666618
9.82496176217997
0.714131440395632
3.020356681998379
16.44506638831595
0.9342242481879373
5.771439525086516
10.901027669083525
4.979079242972016
7.823545153282572
6.817476760029011
-10.40738062854722
10.470849903854155
7.640796221911463
12.317477804686408
20.031110820377688
10.101979297941735
11.415314660303903
2.6222116576381764
6.494515860831069
20.146542980871438
7.095652620173595
4.875678228589084
17.10947043246584
4.46240001747802
-1.5216826389075884
10.306411168590161
0.4078389428461948
11.125788088336165
-0.4253882942785383
3.62783287352987
8.11629702351553
-10.609950779083944
2.981464114800491
-0.011124616893988915
-2.5071629273930114
5.4648824449769675
14.227364120781683
23.555873902640595
9.246953447333746
-1.1629234532558304
-6.51260130709969
12.610360128389518
4.459187328973931
-1.5386278822760104
-21.984639211659285
22.041693235925507
-10.450810638483647
10.050238917729514
12.71260215988681
13.859149266594603
11.277071994403725
0.5948525138467398
10.907325014029077
26.83473459860609
3.7106141160459867
4.1679263070536345
18.606925736494176
0.6888917727216368
4.381823850539785
7.392811838338923
21.75778843252383
-1.1206412599396423
-15.924236898157872
5.513012111905643
10.52491364403765
0.40989672221391693
-10.781195413311789
5.530450995151934
-0.577347063251981
23.733956021369103
12.01503012342339
-0.4952587339666348
13.916236520240474
4.841616550152149
13.76326794332848
3.608460313729549
12.846196153480372
6.618578717557778
-10.487247706303329
1.8043980050355994
3.3779099352238338
3.6300437726243224
23.814922033025315
4.252408387395685
-7.824633776851044
14.168669015230158
10.193922474016592
0.3323234443424301
-6.538566165061814
4.456980636358938
5.253722674411534
-1.9697599356570539
10.623656340136375
0.3186428469746536
3.0065868599825905
-2.01483600668114
16.253462076114893
11.987418825070023
5.97094521860498
-5.312486737004045
15.65347713194294
10.793656817621951
2.816007501718974
22.557174921978827
2.023937185510039
-11.26843216050922
7.728674196752447
-2.7671378231948403
-0.9908331831652788
-3.063216930792805
-14.772353504372433
-3.7863880615804284
-20.53517583877001
4.335940191806519
9.552923509535724
9.229868495067894
-8.416094055267841
25.502348397807026
-3.6057409367384636
6.662497192232103
2.3132918249963215
6.077221627503668
29.73684949307202
1.6679070530672462
12.539771523879775
-2.8072321848166935
-5.339519875716704
-7.890921335362702
7.581960046099076
10.75821251720118
4.85321990695923
10.804551437985648
-9.687172715512585
7.7599349182397095
17.456644087551375
7.531323640480167
13.146067452486962
26.3139845898006
24.040766406501373
12.415950906075906
15.548368533645135
10.23780605612999
-1.6150269527628982
22.204665409349186
-5.526952750013599
5.75690435240658
10.400431903731775
1.838464904775722
10.542009639155953
-9.003214261565075
2.742016178449113
8.618165269001741
5.227772679840459
5.190628401707055
10.499072080806062
5.462794945285178
11.363668478460808
-11.943268032799686
-4.340215505840813
15.85122169978187
1.0915313267653954
-5.749439144548042
1.995653319436161
21.839255130163238
2.196318243949931
7.827499764371412
-9.790525130923333
4.4813103272788535
-3.3572870505379466
9.567739743513421
-4.528520473379597
-0.23560366287380674
7.076024676976919
3.3680088841244986
-11.749759612723835
19.80888203738292
-9.788048079757804
12.034071348548343
7.689567599439331
-7.356580099096327
-5.577566480728489
-0.6221550463616179
5.1106909864236565
0.7868520657330063
-2.458700663631804
2.815542503531549
1.6431630089722415
-0.47645304282648837
1.0429667230773
25.96767837427723
5.591289307608471
6.40311059286272
-7.4280702737879505
-4.139098967661399
-2.685744159170582
-5.058120164372063
12.284114605783364
-1.1515149559964204
2.9523621661556994
1.1499416582505777
4.78163658938901
-10.61678705318024
0.3719991775336382
4.847378988169478
15.13742435980831
6.326420664680862
7.597775050771986
5.072580856230235
14.498266672602893
9.131840670775082
8.453743234562825
-2.4985758738217614
5.387936920738424
18.80767996964335
4.1570038256603405
-2.7861343456655607
-3.897760316424959
-14.952092533665986
2.251015668185808
-6.713100456925643
21.397637482698396
-2.5450546760056465
10.269748328818537
-10.18338538052886
11.5610257653699
19.19138894508454
4.504197073382508
-2.5417177979047336
30.877768987150777
2.658439219142009
9.50786830638552
-0.8238054494312497
-0.3310039493459227
22.869225156398937
11.451593183045496
12.24310264021307
1.2808620368412713
3.117806392689853
7.510855931561601
-9.597837069493025
11.547475182353075
20.09574147790896
0.810662036091399
8.35996338368492
2.3723889888218332
-18.950078452351175
5.010333242753148
4.3048236237335145
5.768551208256263
2.430383764085491
0.9474211144392868
-4.481552373711828
6.771914869731189
5.693427860383492
-3.774932865187587
14.48786308927362
4.771338165340199
15.71209055065921
2.580241684072465
-17.288355786338002
-9.1580349171778
5.764954096565361
8.071489436289482
0.5236862275136822
-2.638326819538052
-13.552405988543036
-0.49690005187531483
3.0978589142965607
-12.671809116193764
-2.690267356972699
15.628250647731846
-10.340970207804661
-7.272673808439784
15.536702938892855
5.864643971500565
0.019766691357973265
25.25438541697092
7.880690083875592
8.770926773782525
1.5461611168487712
-22.83437206555133
8.9710256087174
20.650390230991835
10.534604878536628
15.48503212330424
-9.640343632630476
5.761500670163341
12.096143774511374
8.431686405153908
12.362085468373412
20.493406385523834
2.405238676142962
5.585696957950397
14.971335980403648
18.283205736894285
7.694827647226986
10.864194343227448
-3.810333787489297
0.01837231553554286
5.597490182544201
3.964615354427104
19.63893874624518
16.777811875251338
6.069049948760505
5.834186231245494
6.26770924532965
-25.07732025077469
-4.096828612208613
4.825935917200838
-9.847383632408224
0.6223756715152851
6.562605860305313
3.265173515926704
12.778555263741293
-9.315877288731041
3.692675476614001
14.31882572968381
2.859207850706656
3.356791329028432
5.814636403908495
5.750623921068252
-7.990372096528738
10.349602600420324
1.0524790348718276
4.027873363226905
-7.870425228809456
14.739247749025173
9.160817324667057
-8.227350414852474
-13.402095522952461
16.732978629247878
10.9068552945755
2.4255391125692256
13.77954825564035
10.482987893259788
-2.1835152115576584
1.4012764345494437
-5.991526100555312
11.69690341246752
0.1306851991878144
7.915200247480112
-5.613371989422314
5.055965427275218
-11.802695767611947
-0.16701747211128115
16.75934356883735
15.143761911519608
7.152355087109227
4.451313007149537
7.344816648459497
22.31893821500534
-0.9048571281433055
11.480377262495676
19.020345436376612
8.721783944150216
-5.764961231197979
5.7353920101694325
2.060275013142379
1.3628504554535423
15.101865100496774
-0.005077769496604212
0.7956211593768394
5.288357550688831
3.0211849722653237
-5.572528919210685
10.230522613432806
9.205927629500874
13.856086902700982
6.61711692552046
23.65381103593431
1.896629360134181
-0.42545278026224853
-3.384513123026858
0.5473296734216717
10.981508994695922
-6.232884478646653
5.334720161006524
12.971924047821767
-8.29994601710943
-12.381250333465172
12.305719840437419
-11.579387964497784
-14.712577286491328
-12.29673792854084
-0.36393714301149593
-1.3660868070527012
8.02316239978904
-18.782826388895558
-7.338262590087725
-4.132762297147005
-8.672788388649934
8.082469837994307
6.107395596631254
-14.286235163398
21.198083375741405
12.681169267037317
-2.4217626328050628
6.228955806442724
-0.8141617852016783
17.806869513930913
-5.205142395434134
20.30892104198417
16.85246711535615
10.684878558071711
-2.5670553599127546
9.502074782584799
-17.799821631515673
1.0735772438350342
0.9596315254286916
-10.336945129454822
-4.6654624146059245
3.3100795200901403
23.478700418399526
16.076408841714006
-3.9602861821488418
-5.29180997002539
0.7790828117137352
-2.315274900974183
-13.331684140131731
-7.648862273159276
15.63701584969612
-14.406588819266581
-6.903507115313449
2.329885038972547
12.83843728241676
-6.52832790278274
-7.001997331707706
8.525062140625959
19.13520052974368
10.858188679917344
-9.446536836092081
1.1443859851259464
21.70493466092792
13.366698390337193
7.4585249367115605
-0.0902760982383608
-1.3041791542417442
0.8712032754096812
-4.810515070899337
0.3811402359667788
10.79960951357191
-7.095351894927383
12.679119359390466
-7.918870234352582
17.676626203066423
5.581486599001154
0.03934290055167011
0.15879997208117302
19.614806943597642
-1.2992439480043245
8.809272644911587
-14.311597873271786
18.158584943029233
2.7152765279625513
-0.19919024342771063
-13.281133688633819
5.705579677503332
9.687609448565864
11.302770791881503
-8.7140284040108
5.202573397115629
8.089712135966593
4.955367221251555
2.098655111697267
9.155423315769461
5.706192565438683
0.09176571162057279
14.611124891252862
19.04287700818765
-8.482830439020885
-18.426703302611955
-0.9466549064109833
12.604542610695109
-3.677664370501514
11.891159806284454
17.174836585449405
9.396701824914464
17.0166135906031
0.9130565308319643
1.9300311082971873
8.790028979937954
7.796374914677157
3.445919967492543
20.54490959641252
6.359221035411803
2.5248974202466954
14.39085931887745
19.243781603959537
4.495841811220409
10.204281514711797
16.601023951913476
7.941367883732134
-0.3499274083891679
5.049133140793609
1.2730904212315206
-4.966587984992302
17.309133397325425
1.1030034858701283
-15.947594318889912
0.516026710886818
-6.597910455701733
14.501105691403168
4.489527739787689
2.0147839179311626
8.568529070572811
2.6053415980659516
4.326205041281992
16.582969042606106
14.498628903202608
12.320283882754978
-12.055119253254805
26.59939958278246
1.7337080118760309
13.561129195384831
8.830728165203361
1.949904680279293
-14.659301617988103
12.094774369464403
-0.06418747676638858
5.029804304490373
-0.22048382585222104
2.242303920971
-4.5768631070626515
12.514643076899887
13.209461042481884
15.003282619109273
12.584959738844358
-2.3571839385322786
8.446579278565286
-1.1770109515684632
22.018478042243032
4.799131083220657
9.619864418202685
13.178111659132028
7.8902378150917505
-12.547023236273962
19.117679252671152
1.5894968945868486
-9.710061809405195
6.239039985246762
-0.526106217137575
2.5351962971315474
-3.8622522467446814
-20.425305699058846
-9.431048133068751
5.453244568701565
5.513896484255615
0.18777306277023875
-0.09922668024712245
0.6840364221581909
-0.9502741407599711
-4.51494353505964
-1.3242366176094986
6.317611407337717
3.151004368682863
9.598681482043549
-0.3472365213099451
7.038723006637447
-7.0703616830916545
0.5859442332527216
12.552832800979932
-2.807186492920854
-12.554004402030078
5.352560923073059
15.048800641828855
10.49542725582775
4.081654783483527
6.0673034250754485
1.3551797810069246
9.060228399908834
-1.6209999553772816
-0.313148806321907
12.518712652252164
-23.563160056302305
5.31009461855981
-19.493313451916308
20.125155688198475
7.205439010947515
13.901746667916212
14.285091490467853
9.214649670048148
10.456368182744882
3.069727077289055
-0.2875067844742105
-8.573715593243936
18.402408352109916
4.401179443371908
2.6738063794057663
-4.449699952551768
-3.1275380620994166
9.112048194351894
-0.25257027943702415
-8.108785953184295
-9.870531559345462
-8.544988401224051
-0.25422218497533144
5.298958489824797
4.638916089940625
-23.870192684530632
-22.421665556359326
18.889261078894904
18.53970100162922
-9.688167662651919
8.923517426117208
6.675873893747591
17.049601645978
5.494854015095961
13.726170553136976
-6.997143876305623
7.690248509530738
0.9587809601519535
-8.84873736271068
10.707381709871772
-1.4208375832763318
-3.6456159538322357
-5.408092385343435
2.738823941475423
-0.23967119238415968
3.325696949261327
23.190972864225852
-6.166910255719934
-13.402426038690109
8.71923743895434
2.121981207465489
10.483996721534545
-10.765055050088177
14.077180574595097
0.9885582539260147
-10.053895332842606
-8.529021279592042
15.860373434737692
-9.273494052167822
7.252668679989896
4.381909496904164
2.0501060884279343
14.76474750726881
9.763387256314147
20.444538532750133
2.7303212542025235
-0.8557280939560723
11.042973005656645
-0.3893125361025902
2.751163139353448
12.01034808616583
-22.319886246607883
6.519061680361364
5.371590695523562
10.347241601488932
8.801872454208604
17.81836418667033
4.549111499024423
4.03749675331486
-14.872449991426965
-25.425756528618393
-9.447632421539813
-1.3075851865293107
11.291447657012124
-5.9984462914182295
4.702521895519032
18.70405845990216
3.4883436956282488
2.148384406658199
-13.210481438559441
2.9343666506376636
-8.834105553774712
0.8762427174251401
7.5297534131478105
11.289083294556491
-3.5296675478241983
10.106412967443207
-10.135356979569139
9.538819425243013
11.34595843912118
12.291361421570553
-8.786528731400868
19.75739613992976
21.09208299502094
-10.831309682528483
-8.358700259346943
10.941377036675973
2.4963957143221007
9.292853558232274
-3.497559411113887
21.943138200883965
6.795201128397906
5.199431731629091
-3.670259538620215
21.573332399662686
-1.3763953355919778
-12.965744358870626
2.8025315449033528
2.0600687714927073
21.131645538799848
-4.3341203285091385
2.1501818777196573
4.828193895518449
0.6590261425438175
1.8796588292034215
3.058188695584985
3.104369390852992
-17.438610188935534
9.240396044990465
-3.742106965770054
-3.5438595838461406
5.564927833864179
8.24056020839005
10.32452927932693
3.8794075162094024
17.02037105754706
17.68556810944383
9.271371572459682
-8.711830694269588
5.8701637210133
13.658652327862692
6.275253335951337
-1.8452407272851534
5.734260241505611
14.493427088302873
4.40287433076544
0.6257100633275545
-11.338395867301134
7.050810748433694
0.9817296818561321
-16.053848310293702
18.867485352598173
-1.1894098066472996
7.779277288393827
-3.2199282271333445
4.814211170452687
-11.017553422710765
-16.233138157035917
5.919768925559385
34.36035368111732
5.800639267038084
2.92801173488285
7.331304793922338
-1.9670380749787224
6.966084122766877
-8.213429902036069
5.193119916897906
0.094153945806708
-5.785964938737925
10.037163813161584
11.525700128566054
22.3194998806202
2.8915652495622006
8.934550282090932
-8.553604024024287
-4.07744643358089
-0.06639531408278021
6.4835979426327075
3.64238672326763
38.95730403965607
6.691790493996116
9.15131379748913
-7.6473393618515395
-5.410057832911823
-7.557996338089314
-0.3186793571972677
-3.1434261553678695
3.81942137113467
25.431865804903822
0.5304575284770499
6.990538599616377
3.247874499813207
-1.66956765379756
6.672799897970844
8.113643552380541
-8.296703983822532
-8.197861411493479
20.775072314197473
-1.658607149094454
0.556331999816079
9.809781099414886
11.593201008661552
-2.544514526664078
6.063938624844942
7.600658130369993
-3.26397777395745
5.718596194693816
1.7838912370412263
8.223094108419552
2.986873068260019
9.154612692663754
11.69376259707731
10.882539809498919
0.046870514108732664
8.29019938180462
12.573581522965384
12.426865701912028
2.5847824845582674
-3.9618208979464615
-4.588860822729789
-3.507818645868337
-5.459345749025196
6.829521281986147
7.248703066464072
17.10379406565746
10.107829074479977
13.37091325434278
4.477115159476881
16.053311954817975
12.542112666030036
-4.5883496006946665
19.483356732231663
2.6731499833505774
6.260718112794649
0.09701340349652643
-9.194585481862504
-7.871753204395933
-0.4180532125837688
-1.9758337582127403
5.137481764956249
6.392518127491527
4.84774123446378
6.644206381631527
-0.6590601491866952
6.539148286451819
0.4286152126342895
6.47333448660218
4.657765374441187
7.8922993864223
18.85266394633935
6.803754332454865
2.2799565882546755
-1.5980583306885343
7.378776027273568
3.6893997855076224
1.326380013136136
16.841322846930417
18.410892501433665
1.451541538271699
13.712740064712607
7.513590522161444
27.210708209288633
8.52521963054662
1.5636628008555462
-3.328644026839058
3.9655117008633134
14.96377220412592
4.322228496795853
-17.737652495880205
9.673343301945035
4.468748709441337
-7.2390297956119625
3.020215244928668
-6.257358555271297
-9.372820470065676
-21.568073476982352
16.138868222976775
6.462042080410425
-4.680009078044154
10.29368254240052
-0.4059737419804055
7.819022181502476
18.18085898674785
-6.741182672428101
15.557008236707084
18.235798207819993
2.1589174232283543
1.2884860585003017
4.821959083829427
5.991368772471383
0.7184964627091786
4.927602886679435
15.545399469498872
18.1809931764334
-2.9291406830966817
18.799013480721875
17.62970973957586
6.461355663697892
14.878865575373029
16.919414738665807
8.116294207087208
2.327984086622907
-24.499133632352653
7.869330458236763
2.6189798045012616
-6.2082874862380155
-11.53791065869779
2.504630226344475
24.79921571136452
-2.590738362858139
9.681465685227234
-1.3583289108163497
9.400829250493892
12.47078987302592
4.757969223610757
10.80208919409294
0.29922522765486814
8.156107277666422
0.9163969744727005
4.288727700513597
6.85498961751649
-0.6074999176630786
2.6387785446588783
-4.150902698317751
3.400052961640171
7.935128393580936
-12.929009520765177
-10.990776194544543
12.456755575284653
5.084100948107289
-5.726150312140758
9.703726886242691
14.116606145058167
10.089093555665192
3.4815404782736743
5.07472280471706
10.579385643128102
14.362634405715639
7.368079376748444
0.7813035908890722
18.888012440426813
-0.42880804532129346
30.537613832211974
-0.6298644307259771
1.9211497193479548
15.129342540283233
-5.513512829619652
-9.912783149546984
-6.593781966367928
-11.202442757768758
-5.178850731136773
1.9636012183614087
-5.129091297742514
4.410873752462995
14.616250655282396
2.3163627067764785
-7.569570446261629
10.016799144356554
31.680132260326438
1.884863160876169
-12.662390244089032
15.921574975336208
2.3774461847221326
19.330376910249733
-4.709241197013572
-5.748875240083777
5.716107066116574
17.005276229913203
24.33974804881942
-5.53689451877438
3.811861835800466
13.727797655390505
-3.748347138739623
8.35145432446668
18.85888176820172
-8.817183040667373
-7.831864619122328
-5.055329789161165
-0.46584558339738624
10.710619559345899
1.370216829288391
-0.3974623921534173
16.548658776354326
6.622848754516748
-14.331872583290174
-4.528544417674716
11.566526020231588
-0.48351325215745433
9.214909580786669
-0.9589935476212785
12.537672433409153
-8.07422837209393
2.7022578495060188
9.568701105333606
5.531622103186949
-12.216201423526538
-6.9915287202726635
-1.2896641562553777
13.763470050561356
14.584520713440492
10.49124087356499
5.290408263240404
-6.344373056516952
25.239211559853885
-7.077264073328751
3.048013676701825
-7.469678340941277
-14.453708031670864
10.88514983307343
36.442291348929565
12.116852661364877
11.563322990330132
-7.509616584466629
14.095525650850622
13.060213656168566
13.604841102938774
-2.247597019173372
1.0026959253306513
9.114614185741797
6.523161379082614
2.5552816706238053
4.267078136669756
-10.544583854860525
3.4543955213180615
12.478429297996765
3.3789073975659147
6.264711172926458
4.865018358635247
1.9237412426786378
-8.06132816659007
14.07788743464048
5.076772973868602
0.8635330010095821
0.7696805649921954
1.9787442602103047
9.017452503720506
8.071687193323918
9.343254115279294
-1.1303855537768568
12.290399384939516
-9.498942169296697
12.700592040274067
12.298379227166466
5.952624855904646
-0.4761508115505029
-7.628992058538547
1.8104752521180028
4.136485746208021
6.56835032214177
8.278411276811903
-16.836596671073828
-11.186952993331829
20.92967470077371
-6.8489463081142645
4.466696668057822
0.3785084748750682
0.18319830877169974
10.686603801055904
-17.30379327290904
10.234259370467782
12.41482886823976
10.911436513556929
0.18455198715687704
-1.3150458959230988
-2.074022029216504
-10.40560547993869
-4.721130976455436
-11.43573415118377
14.650800878646342
14.764741944147472
2.698569073143799
8.910808736052761
-12.79178257522608
12.520640987170026
6.203602687651058
5.486548965364255
5.20832916341018
3.5715401167979444
11.821560474262263
-6.7669174348669365
19.201582396915093
13.865982663042756
-7.2425307394806815
-7.490044549270358
-4.436117995740265
-0.2673210035703715
3.970682446651569
-3.960078268439336
7.909082551072704
-5.807744224391861
-6.4487204447750575
20.38210181015557
-2.7986079745285073
-2.1073560180835527
10.979549652053008
17.32904645595652
15.08046116405215
6.504419137109682
10.524631892337252
-0.937486822100082
9.809379008369984
15.522540833000445
8.139517006393515
3.6481483637258396
16.156646781326657
-5.8399038874959
2.0983823375600137
21.676174652535018
5.302244362943712
9.98965382834557
5.417100004925402
13.95085876268134
12.849382808630086
12.713490521869018
16.522086583806974
7.79287574512517
-3.8784787626982613
-6.268718435446736
15.745307796032533
10.334366809817055
14.976626135340382
-1.42115039823687
14.150346733750482
6.28394341791088
-6.2167250493911155
-4.104392015825653
-1.900297777266589
-5.322165308892185
3.389168217664516
4.640552224901715
5.261625604650168
2.418031802837879
5.821180655403619
-3.2167204274377745
-0.9214234641889893
6.120707996237119
10.333897288101031
12.515919124762737
14.380736604135006
6.884224455615749
9.73992801942393
-7.930095260304018
7.891344311398314
9.658903462945638
14.330654125058103
-9.66301830445471
3.2914544878460013
2.7406052256190776
7.371263378214603
0.3144321598606501
0.44695397040259355
5.506496914429879
-4.33197684554788
-2.220155298230501
6.898583634751536
-4.701145883225896
36.08600373676582
-8.66872212907706
1.7961264376694124
27.332084286496233
7.110120169074957
8.579262416994727
15.884348790847875
16.48665049453649
9.211742640493366
6.148095621658929
0.7886695529875114
8.349719292008112
8.756987282989478
14.241038182614718
19.396865486697234
0.7122130304810721
-8.107568325012938
4.183160058355343
5.119976797777848
1.1195462923105666
10.774276637316479
3.892656909186436
15.393138062611953
-12.267332680212483
5.322214267827538
14.99800023726549
-9.557271464867128
-2.752220980620237
3.777345648686683
2.691329160028286
-5.7269543682211435
3.7981505806983513
-9.89235689835562
23.179238264811275
-11.190811187016408
-9.930226550501315
6.235659124753248
13.969484078667746
3.6702992227446005
9.608024482929356
-2.1374925089752335
26.83575702640274
0.4900319921355001
25.69389110963948
6.764714964500785
8.741972770496462
18.425255864757826
16.3334535062842
15.539215781324764
10.2270946335518
-3.484955827439167
18.761542611196344
13.247838979349094
-3.8380688386168913
6.390294346866992
3.206405148866971
-4.361163394838499
10.239115033662697
3.2258639737469874
-6.396811675457936
5.10801985730834
-3.8602924725055807
9.372323146576239
21.730004360640876
-6.260506096231937
21.642076406936685
8.450194952708896
-3.030698698811344
-2.891965323749961
11.16443459992065
-5.141972088710796
6.3597381716525305
6.7729418510666495
28.127031840862855
16.52896801700747
5.779459177114049
12.888742612281082
9.846108400979592
9.489804662148677
11.969860252419256
1.0398619098723842
13.72290512704888
5.338659408908874
8.589795648392526
4.108785768297897
-2.244685611796644
9.790459317975435
-0.7760688740471693
18.744989252583093
8.4567660584688
1.0875426975925135
2.039358299196463
8.989528713886349
11.969296655832563
6.63599234860396
-4.701648545210293
16.387261640965214
7.551788016598286
20.821988147120223
6.170171454798778
10.02727304731108
-20.037496284851485
-8.873958614316884
-16.12274914422293
-0.2854135188363198
10.382649387124939
7.336782361808044
16.112083940312285
-0.7095732064905489
4.29096140163859
3.4819722966573337
4.717099595996359
19.18530957749241
8.081615193822447
6.1990528141358165
10.47454053527386
4.6089607237494565
0.9620658417549306
0.9793975867168623
6.908669869514824
-3.829081996020408
23.42558341648386
13.074075008679467
-17.701833657266867
-4.129815748896478
16.23104417247813
-4.626901240746852
1.7628636722968425
-5.0500766418520175
7.889240134122689
19.751231918095158
7.883644263075915
1.6404465841875986
41.11508852967157
8.068576798953256
17.277448735808186
12.177557581198048
0.9791941975847704
3.7467044890049257
5.274901724279306
10.745711576889619
12.42079871770854
21.687847618431658
15.150151281928633
1.5264353329268898
0.741783812771021
-13.51004466524045
6.763703514572348
3.868121890737892
-9.766216502499754
-10.328735262009342
1.0441446498328055
-2.110402954627716
-4.22866314868293
-24.06750752484296
6.245887052087666
6.0082155702219096
9.968255201617826
4.038400655089522
-5.761098752230611
-2.1250945180545884
-1.6685175384047737
29.734130768691102
18.029402811296215
8.48850848105365
20.919583403412613
-9.505603636021851
4.808982731573911
9.572196798333621
-0.026899861986976248
3.26138763859388
18.524895993681202
4.655418563809934
-0.46411059472806215
9.95499640184802
-0.22969484316188726
10.80130315797463
5.41656600676238
1.3080485373664201
-19.479891431035252
22.499953437903468
8.796994963918957
16.82394343006609
3.8727694280683185
11.443294839716014
-1.6241591010837544
5.928371955239946
17.825319141511738
4.563034568902807
8.270445130411026
10.716029540340054
-6.468703662643211
1.2212567293066332
17.627065305660338
5.214698159490546
4.272808416435792
7.611711627349947
18.381382579250097
-1.576707417060935
1.704033943117775
15.42787610727844
3.842892605291894
4.1474418861733495
15.82693634169387
17.555802777472
4.829741462150181
23.05855347724866
9.767718260109259
6.0994587653165
4.687207157946087
-5.948583153601938
-5.092134085806004
6.6121440649543075
22.257530954987523
-10.930270940682012
-0.9490169571118514
9.870483954676466
17.29679137189094
0.7526918245680605
1.8606489288414254
-4.133687487850493
-11.153830104287099
20.84624577840599
12.070693284304273
16.797517954528494
5.204498230017177
7.6364214720465755
5.443114897647383
17.063116545724274
7.517413359333883
-7.135737583584312
-0.170874034989974
-5.589088091734915
14.99220730572908
-4.157732352586237
-4.227831719014407
21.24379700983998
6.006672000422877
15.626654572885679
6.508978420247865
-1.9277995105497494
-12.383307298159025
-0.47637044456218725
5.566555465145031
-6.506311109442279
17.67655301179318
10.133152390282962
-5.58999228730023
10.840218597986595
8.175850312574227
0.41079292791230326
7.1870090014541645
5.249061925474082
-13.30983381803319
0.04013691319098456
1.895059150299803
-8.715094070409348
-13.223560210677565
13.943664868571542
0.504833872765567
-0.015819203439530583
0.0451264584361013
-1.3435739692420618
2.1747893379538388
-0.11080204932738003
12.768972076223024
14.335501428638187
5.957971363975905
-4.123732084161389
-13.214784770095044
3.3783514894983573
8.526541979868657
11.113407158569327
-1.1216905828132697
6.360785194545361
3.1996893901733694
0.6269560893861614
19.494674772059057
-5.5121784906720315
3.9206128425111935
8.184115335604869
6.253477723935329
14.559827286494505
11.519805563476886
-11.727887830194522
-17.46557275200385
-3.5277194092070534
-2.6929170550574257
9.508193262939104
28.22463763155448
11.113638240998771
13.404625367421627
-9.249525101493536
15.476041309913608
0.15826917035410482
0.10040200220431128
-7.918469583391236
10.878173709638618
5.1938689397011775
-7.954247125549257
11.780596491864092
-6.4095087655677645
13.192255955640032
9.410607473723598
-12.611324074786214
3.344486935790715
-1.277569982405021
2.7437530635688328
11.616001349814937
-3.026134765185283
-8.19609050161262
4.261720817654911
-13.50823317243372
1.8199964199758547
14.014704048707774
4.101074464319006
-0.4916604654803134
3.003223846794584
8.144275598549314
-3.8707440822897663
-0.14978248821806694
12.871087736927347
9.527883368784524
11.001999553573619
0.5944173156169565
27.323144655666347
1.5994086659892117
13.563038764358561
-7.978256196533533
-6.26512110756623
13.957545874364207
15.918017916232438
22.07023278899838
-12.678371979471322
9.695095151373796
-7.524628876941094
6.9578191923627255
5.8973920368339465
23.329177421449977
10.646214493417926
17.552315930909554
7.926569421340429
-7.273927836622484
17.040616423092526
0.12832605661757412
14.12674761387874
9.227291177362964
15.06924372449854
-7.989623848642191
4.478609304848822
9.293803141717696
15.47239224281251
2.402396730366567
0.5062499669983103
1.3606369980325423
6.971510182905437
13.779793254585593
22.00892064488286
8.672699041122398
3.181178277890226
4.231897492674969
7.997069050140169
-7.2555621208832495
-7.460086414826035
3.8428641266029144
6.347151887685483
1.855619013289766
-11.571925715753316
9.451891767686078
6.345085586293331
-15.305520672537803
6.752116188613817
-2.6668886355338275
13.189059476006507
9.992194802997183
10.36543581911244
1.5713337140818942
10.127794931738165
12.424692214015987
9.981542821537232
18.649583121856143
12.178181065130017
5.303469453070887
4.284579536312897
2.7320520120195804
1.0241755907106316
9.982405584843567
24.511475869648333
0.858898168492094
-5.917073563122228
9.105067803317876
-17.63956378070815
0.6311840143636838
9.240760324199735
0.8117726556699791
3.072709028042667
4.869391924118655
-7.636665573702521
2.2736319389419357
16.64640757096403
-12.031697531162116
22.47419333308845
7.232625833960679
20.6476205009361
18.563473481990826
4.565579092698613
-4.063933265303595
16.29590605555684
22.86045167326852
-6.835363612128651
-2.8997093652289605
-3.154269445551259
11.802007642511128
4.316165206946311
24.021065769377007
-5.699939596505592
-2.970579194505375
-7.973656168966601
-9.698317094587324
15.078452271677223
3.0544150403344634
0.09343633549550834
7.71341243470606
1.3842370541198195
6.442842360179946
-8.124035855821186
-17.809425167209678
13.436967571719245
-3.4527429467159116
6.421957624468233
4.705348461061242
3.949564357740222
9.649029802923543
4.793244413887327
9.631723720530456
-12.647806028649558
5.698200968651488
-12.153823825839076
6.3140620704892925
1.9417320945578131
7.109238251338482
-4.493910622497616
2.0200499146058712
4.725897932628564
12.43547545224055
-3.5427449982859187
11.385812555560618
-8.47620331170318
1.3757019175549923
-13.622152413590403
26.416866972027712
15.25297152274824
13.49797905990991
0.7243868977637025
10.161747687490383
6.717640043508263
9.208338863017348
8.671665457404114
2.0122012249904575
-8.115052488848228
17.787684953388023
-5.696992400435894
0.054504740903275284
-16.649383654232533
8.40749453717157
-14.19099427439502
10.496350142760008
4.753287867153633
4.079545767618785
11.104394955643155
11.065227572258928
-2.2807940171568415
-4.781603105727921
-7.557164326346266
10.690406266794797
-3.9446569678675925
-4.083702427749412
-1.3572172930484152
-4.098935825610056
1.7187415676150564
1.8478434901500402
10.595965322999827
-19.013246411530904
-0.22218131658961404
-7.53649691771445
-14.773598435346454
7.504939215465897
3.4466780016827663
-1.9148257729528249
7.076114251653483
10.791929263356394
4.828135193662623
2.3570743032950676
4.099419339526019
25.7992954481503
11.255061627744233
-2.4278044704332746
-4.053689531527237
15.220862066439791
12.757776284708063
13.214410494318606
-3.003645509586889
20.457533440249712
-1.4957013899645508
-7.323861436733676
13.522481760795703
10.363045325933577
-19.738651980427733
10.05404812624549
8.616083984721186
30.52158174334703
-4.07143658841642
9.918314780204117
1.4800982990944789
2.457192721196134
21.445081088598307
4.320231197208757
5.75771427254002
-3.905607506297944
-11.260389478605589
2.183602293700604
-24.282646454545727
-7.575384141737665
-0.6696598984545439
8.20527274179107
10.43538947966826
9.7023694333655
-9.290169001996096
4.356505289642508
7.75155330562602
3.503866602140894
12.704072005042704
10.204277835005762
-2.5136608281580717
19.916499847795883
0.6245110379956378
-27.830460613169706
7.7540177396662555
0.2776803365801239
-1.6419411840670017
11.129333506221828
-0.9344835408184027
3.157616978562443
0.7379319652621303
14.652120827083186
24.086333805737258
12.85559141018633
7.1897973565036795
5.318876854727007
3.4062348721792546
6.061310781222046
0.059550255698929355
-4.953629762978437
-2.058283880072203
-5.655130346161169
0.3121864043334357
-0.10578565279494434
23.696166064883265
1.144082140405001
-6.948531636655563
-5.057782523924155
-1.050338876124429
1.944856673488502
5.729819527431046
11.471165832209834
17.848670370392206
-12.911387333471907
9.91350664676169
27.019856230400748
18.46487984264168
-0.9716196637062513
3.2701428518748794
29.20020127605604
-1.3408996035643286
22.64888147996595
9.66596321956781
4.173764468470365
7.3761177527776605
21.939686969824407
3.5332173029159133
8.304084840924496
0.7715224892300565
7.43348928179879
15.546881362523699
10.931889048621004
-1.3084378257589044
7.5134698359987775
-0.953974939890764
8.030178141019565
5.374298883357185
17.033520371784967
4.468907174360286
10.84621803417764
-3.037131362835172
2.52982982793555
6.5864894522310715
-1.6253054271928535
14.993546544654947
-4.207714110106496
10.456309563784695
-7.844168131992264
3.884542943148768
-1.3640355588615138
11.054396273695499
2.415087160971952
-15.538006758838247
3.3850304952625887
-4.307853123560477
18.351097206821578
-4.824577539169027
26.997665836518618
-11.291018574738509
-12.601813809657155
7.502001793285892
11.885272521614837
-13.454461330513617
12.427737643286129
21.8943326328696
-3.739938902221663
2.032258419482589
2.680397715486765
12.705965053754392
-0.8274255031122246
15.027586963404946
15.523128739582575
-7.283932834934905
-25.01038881524463
9.270451647365576
-0.5547186485855296
14.61347744600797
6.369729578539894
11.706923864123874
4.557433840351372
-13.432112965076243
6.3136096922086615
14.092540564598806
-6.6590396547678505
8.07752630459111
-1.3010309402985873
-8.310702199138584
11.97705094411701
-1.5607153950116093
3.376136231342481
9.18375911016274
12.814077720453337
23.34103310201944
7.7365801391138875
-16.441836989092373
8.09898175104288
-2.3211785126348286
0.7647813101343299
-2.2089844650957913
-8.531936100033839
1.7597376501626192
12.202026232812836
-6.554017065998732
-0.15598013254983023
14.631405852715151
2.2978030442726505
-6.5807711112732274
10.918029203732859
9.517801047569495
-2.306398388557538
5.447238671153363
1.4175202827051523
-2.596775484205402
9.679255600896184
-5.647864380448835
-6.069166450162708
2.5752638606847835
15.373309786303238
4.247862449171658
-2.64548066983052
4.769447960524001
-22.0523621675067
-14.794016189879255
-8.002671745386728
1.8640014336400403
-1.741667498817404
0.021446330922374912
9.439480760757014
6.29758742672517
10.402607595302236
8.212562508569922
3.3487537045577627
0.13974365858661209
-0.30877127512883984
-15.610560103161099
5.452733190479847
10.094424313592366
2.3735396963968696
9.78355751716763
3.791833796584381
-0.6970696011328883
11.58606052122881
10.926927026808407
2.775488786113986
1.8765485065527998
8.120840811214034
2.3148188433429553
9.555064837884666
0.7816894875075233
-8.491928597854418
14.731958861932123
7.273777883862775
-1.6430638680567018
20.610707396231728
-0.6644736568553968
-5.709290428985895
5.93611747114571
8.575921531206532
-8.636418905646357
2.3119166402745743
3.314660348211672
4.4558031475391875
2.580010312760696
-1.5316527488727054
21.232060435187737
-9.941901687946109
-15.7406789104149
0.00408810264771553
14.732859923911107
16.127614921358813
0.8267434081320237
10.434751384764137
6.097825557907448
8.122391882103337
-6.4657745186481606
-0.26198780780274245
32.01037259325001
11.816084887416745
-10.633098194004926
-0.18134056459785608
14.924913009398677
15.482479094673888
5.8629411664120274
-8.13407446910884
16.937428573913287
18.73412323057329
-10.172047582669613
9.486829844613117
8.301244590546304
-12.630129729730967
6.722977340902217
-1.4244973529424785
18.291557281151842
2.439298603678901
9.27088186009582
-11.703043400600109
18.477697611296147
-9.595085959984734
19.593806426436736
-6.912001429158652
10.101804887110507
14.427189096690972
10.361084189324554
8.601529244713165
-6.043765287199056
12.221137427846827
16.268426337730478
-8.473358023922888
10.213019969206112
2.734969776413148
-11.313757000111902
10.329501062577405
10.320509715506187
13.082905820715206
3.305958654424213
11.828220648976599
10.997788926432738
6.548712288110854
-5.798359427942771
2.870623758316428
-2.539526183634714
21.257897668355398
-13.516625710661373
0.8681070592229778
9.402654824981202
-5.055018674223444
-2.731871494637944
4.0411281080759
9.057901384834086
12.20310925894358
2.858384167225184
2.8990512399974975
3.220673875858421
6.338139974945376
-1.8761598708857044
-9.479357773440071
19.776309497090978
-16.385011459831148
-1.0250894444372873
9.13768083874064
7.412649988750885
21.307739799146464
21.94894218663437
13.168569443045737
5.777972585509
15.167773811685251
5.155552835772026
-1.747003443051459
14.690507525824447
19.779479916423053
5.844052330526128
2.802033839479207
6.281894960883441
23.951160964519
24.94372737914575
1.8394033744267686
-0.87364671439801
9.496912159518091
6.763657545663176
2.6408332174399956
12.266092231140153
7.326174377341221
9.86608363715843
-7.556941425824954
13.324715214553263
6.764895693624592
3.5558909249707717
-4.308236958793968
7.609671343545743
4.539408826582916
15.33942674994458
20.071370810754367
-1.7122111518209895
6.099746498711108
4.359168861688748
0.38558571244332107
8.368723745024809
15.69673172984811
15.996627083334719
3.420168372820085
4.483111483114985
-1.3266880099017246
4.3856743368893625
30.178050399131383
-4.457231678062843
17.62880822770069
-3.779198109014846
-6.656115740394172
0.5778160947387398
18.233894808235007
25.105387695671713
-1.5327132566697488
2.2327464640308636
12.245745534994379
-0.5389682881142512
28.756341236980777
-0.11332744017435381
-1.0751917592354543
2.324720616737742
2.1194204490040796
7.877281970846299
-3.952159418002436
6.837214461259219
2.468263809651687
-6.905446680735267
11.91533100905147
11.76212120785084
8.243455600636821
6.30129907607259
-1.8590973247487197
2.5031574234307854
12.540568676950963
5.647391785900936
11.963214768995769
12.09337724573151
5.902293619914739
13.729423705029586
1.8297457481688415
-2.6385892953618573
-12.837525486548635
10.80543020869616
7.798615579952132
1.7847274986478698
7.836995195540192
29.56401183776554
27.407117105145595
1.4530978644941328
-7.087529015191006
7.129139690069471
10.916428809936196
9.224690009057714
-7.641428231224319
-9.705919809844625
5.642998944022729
-7.209824764665376
19.888157072085328
4.159874992199997
-4.167949962676682
4.072587328904295
-0.45825527700002233
1.9535741681318526
13.232277838763922
14.024373302493176
11.116977072704307
-9.974137170796183
26.653357619790313
-2.0303252601108426
-1.2380043848901376
6.92283402200866
14.724561319694486
2.763517351203674
8.669293932716698
7.99433886193242
11.211307349567335
6.223703956996209
0.7354485099935468
7.281432127488667
1.5959320891477775
13.328614682856717
-0.34690566624877306
9.205799955946858
1.986258499361762
3.652746305079714
12.831130015775841
10.60261624633727
12.507532132232921
-9.61002724700508
-5.847584160333854
10.057335261044173
-11.456827865500504
7.336703696672739
-18.372263791088358
3.468735817909772
3.9392317434836777
2.9564836429110852
0.6757357588198811
4.896287358336989
-11.239391008829841
-14.850564234779359
12.596769610665762
5.5791613615476106
15.268388760811415
-2.278530903728181
-12.134676661101633
0.294163473689391
5.766516941134862
0.586969609552578
8.04417965199664
2.3377923164102086
-9.532452618411787
1.9568586627723623
14.321459802072573
-8.066859718456778
17.398423795847762
-6.923604661106005
11.334161165304607
16.747936857024758
-18.901370694772876
15.454709724067639
3.043888213944408
-5.268697464136169
-10.92856395767944
5.8591566671086905
-10.836836855979694
6.834821770328025
-11.549057987604282
1.15664390456441
-12.85949043896273
-10.748143025187005
13.398371515966275
7.468221329791268
18.158383868877202
-12.652385640184175
-15.431354947534047
2.8108737486900655
-19.59130493884166
4.767884160793984
-1.4159987462257693
15.945087306857896
-8.06008107486851
7.979799712327447
9.263553627177313
9.825358846501963
-2.735459574487603
-15.455222823082796
15.020285245380592
7.1155583843700185
14.674212632631964
4.386868845298855
9.377200342267662
10.572947062931568
0.8483041291388105
-0.3835514091994918
-13.704890975643536
11.563269472586343
16.317587364864963
-8.953580142392994
-0.7598627738814177
11.091177026912664
-0.9655715637476048
9.295586551136397
10.75914927877106
11.856798283417266
1.5141322149055574
5.961674333045622
4.510608196964829
-5.848891810707443
5.165751452678158
6.94011734326919
-2.7142281625388485
12.754503969487516
3.7783174148018777
-15.601767311867427
-10.067653811980804
14.012856623624646
12.08042911253196
0.9235551613480686
-0.5246639862133096
-7.112577977745463
-1.3257601617128953
14.506478931614739
11.433003918253233
-5.19291410224735
-7.568690799542161
9.401545077580664
21.176468408173385
5.689998677027606
16.064051454905808
11.302826557179817
8.421100937379435
12.17210123406802
13.585777339504917
9.655773711326642
20.150585515395363
1.902000997107622
0.19388054810213262
2.4012661300314497
-2.1803803126315877
32.993670900150164
-3.7627001377789355
1.8302972971043414
18.246121183067487
14.807756632214328
-16.497915197657584
26.862911095827343
8.873662414940902
2.2222895183597386
11.470778725039061
17.045546960543977
-0.5392788072306658
-3.195746489856253
0.8161272742556429
10.30271339937564
21.57877193550412
-0.6747198345609728
12.975621688712925
8.752257812309862
7.07073662997052
13.705335194571434
16.760209068364915
-3.443303399649306
8.564937650732112
-8.335378813587457
-7.911150667991805
9.198135898266292
24.458833691883953
2.4713453582178517
-4.836438299787494
2.1668969417875514
12.631424794613032
13.505862491251644
7.120304814025589
2.3663010721671975
-2.994124043581758
15.609924587178213
2.9937976568510027
4.7221043658638955
10.73571312433436
9.434998013127473
6.1860026412589315
7.571949850582446
-6.266092209766459
7.868381539195841
-7.586758985621762
22.12256797899368
13.64046035371796
-4.160706959879118
6.786685958758515
-3.9581849254390704
15.540089588800537
9.537888319554426
-0.9132654445600252
3.459339721351109
16.151627485827046
12.851393824745577
-6.366494673426386
3.156775776577471
-4.115393091237149
-3.9397729889143402
8.058075927057804
2.767694401126445
-10.590325049591776
0.11915073928601849
0.052684304071804355
-0.5562780363227819
6.284509494811933
22.710214170035087
10.516477576048528
0.05156113752392688
1.4281269134390588
15.937697974005163
7.793346246963734
8.310281720344648
1.5634395330707611
0.7770783848776057
12.908496360266511
8.159510631714044
0.3872879780440108
-6.248175411207113
7.485217376416617
-12.017175326462073
-0.5515805378827068
6.413872616108229
-3.4025104904160237
-1.77565615082122
14.42110802143495
-11.750964448982675
5.62221294279932
-5.231207954288632
4.043061646849837
25.539806518818438
-4.466012602706936
-1.819243554875026
-2.5376746857460466
-3.4244740482818443
27.343091668134285
12.960728164301429
2.9321886878341616
6.612534897997521
-1.628813110497643
4.181792923124557
-1.6703682600029275
0.3565912388208279
-9.262153375721942
0.802539839673428
-8.307353906550151
6.6229757824450495
18.141671939224736
1.7847794710668752
-3.5812946608491387
5.157279602797029
-18.911575063013778
11.032442970311589
-2.4621725316956757
16.329732179817164
4.144862363607778
-7.944641275527971
10.726182885107818
3.563485270431217
14.51444656430341
17.770961950974158
7.72404407370337
-1.9729268950686771
-8.627806214169848
4.520459218797796
-6.898534082407206
-4.991723861664434
20.047866839792732
16.4120123603793
4.322824023179396
3.4872234098013406
20.84654871637858
1.8682249736227288
10.756395102821509
-1.695934016951849
-14.208836753700233
2.8765656609589914
2.825595297533347
10.948833103063187
9.393301988154754
15.334075680377858
8.795787592019032
23.070562323655757
2.540603225789815
0.4666478272186181
-5.042322693568726
5.558274094524542
-0.142437083070873
6.494808273178381
-3.9744852088172102
-0.6634780283680364
2.614373801102702
15.844344151636687
19.570204130209344
0.7960032773024919
7.403077612264736
4.027674994979335
-0.8171343120887169
-4.816559065081428
3.704312884220621
-0.5171907890427434
16.218141004032127
-1.3601657404596326
-2.9452078974052114
10.024705745230454
16.499379675823413
-6.1432871596610195
0.3318009629681038
3.4307067101063202
17.75002034991572
5.0554886217895145
0.28726570140169283
7.29595362651458
10.779836229260315
0.67755696051975
14.26212262800851
7.120175406009238
-13.434495676821406
6.337771348546329
-0.28122961621488507
3.200608392502486
3.0487598750540936
11.309362430121782
18.971358078095115
-7.5027358656881304
17.00928987583127
-6.782267102244726
0.21819673885119517
-10.956988238209288
16.274650346860895
0.7922403478219078
4.302733783552094
8.795081874217665
0.9856652160928423
2.908784546000753
2.160646412851524
13.792209117488285
-3.559743168200761
9.80914377444866
13.68127373749387
7.732322550581626
11.152774280023802
9.22048329901694
11.439330516780805
-12.069757565658659
11.15740953714672
-12.456431856956652
-11.680096619698396
16.557365775422113
24.262929946818215
7.772402397646449
9.084005363536647
-15.283833555821541
-1.0818906668466477
3.6759527062900617
-6.698904584698184
5.327165913944073
1.5952819675263719
6.651332023216909
-2.272874399500518
12.786442943231915
-5.052277952666488
9.431271637323729
-1.869655126728774
-5.146114359994163
1.3739530244922915
-8.264661422966961
-4.888600123629674
-0.4435282159084135
9.25438396084841
-1.4137477902068625
3.3788619595503633
20.184394034947907
3.1525334836049366
2.5708992016820433
-9.009284142564997
-4.959161752262405
-4.081134209706729
3.688145636622803
10.517159836304867
4.598674351850431
-0.7098119459954422
19.992053695624776
0.7707129886557835
-9.730997428600464
12.004750678820669
16.197475858368065
1.4015705170726696
2.8472559881535005
-0.042346394600433435
15.147029788046815
-3.7638225264882514
-2.6312777149052593
11.84910392296385
1.6412938738096998
17.314152734374716
2.7195742398292944
-4.827604022240319
6.143201456159701
20.23829004145869
11.677665358783685
13.422899794515164
19.512563356739854
-5.580944001683539
-17.773867510802667
7.9014539936434565
0.6068705097063241
0.202895142985688
-6.628093403979001
10.070314969201448
5.547323703106997
8.942681013242177
0.23930431277287312
14.13660340830218
-6.602437541668547
9.142796968384548
15.726908389096291
5.459298539974456
14.819056227623204
12.376660184947957
15.121883984612097
-12.408787355285728
-14.743453709350579
3.931895200337234
11.361930366445737
14.443192609251254
8.714672264652943
-1.1528998959060202
-0.3066491365650421
2.166262548092694
4.656112112898347
1.9257978232501403
-0.32835405967231335
12.765250000565107
7.245949959794545
-11.134270779604869
9.883369364186581
4.018439020072207
7.556415252870647
9.822573022487644
3.2565047219039123
25.116253477196654
-9.088730236040554
-2.023300101157063
23.714769512137565
15.009243688452187
-7.532397909136613
-10.916043328385763
-2.594706222677221
-6.034318479006222
-8.133481638048385
1.3338039762818745
4.0750155486948785
9.806898826953866
1.269044077845848
18.04711515653904
14.987581524367323
-2.93505659503439
-8.249914727677483
13.686236401077501
4.4310009702703415
18.28609933521252
21.986724860780264
6.453364241538262
25.429824181327277
6.404053700888248
-7.670488268382243
9.429811389075017
-10.320124597090935
30.586404850770897
-6.215667501864965
18.173441021784313
16.032731560113962
16.06159887059021
13.63048469640612
6.894516076187704
1.8120799984636502
2.6813102496753554
21.395007921582543
15.260028323692286
2.722594346235692
-7.127753720777527
9.064072080695258
5.32815199509169
-6.877464516942169
0.7172789653546516
10.140035146292314
11.432179701518539
0.9152267150642848
-1.7415054683526385
8.914780201262966
-2.6280774188738887
-3.451950750227555
-7.820700284275095
-2.053769532840402
23.302331703998277
17.795461185791247
0.8524001030364667
-0.8839428649502832
-3.6567552897471316
6.992552587734906
-2.7470208889096597
12.13159696696611
17.14274338206024
-2.20843224747766
7.518654393664988
1.438757874932144
16.22450316145207
13.81874492206968
16.956068293491235
6.184861630724997
0.9610976287830946
-4.5181769589449825
20.496352756309854
18.620085138252932
13.910695553670138
12.581451106812668
-10.316779454237832
-1.949173807395912
-4.812129355900161
2.1449336572653537
2.8500527134532376
15.376181895339396
-0.9067058998620698
-3.5311445286576024
-1.9777566428345175
-8.907035523910043
18.068592383638254
2.420118684995292
13.024396026047032
0.5208374065487469
9.566157753754412
13.917727741353406
2.9876188708174536
8.313066223021178
-1.7978442139437165
-0.4803040866063757
-1.2735986364704823
9.458007335246194
16.759830356238417
19.56029170531183
17.214396726351378
24.210758901627113
19.92682468730577
7.218411010821576
-3.030049710941414
10.998678485405406
18.406775203989305
3.236881907834279
9.661416772395732
19.64523226306199
1.9684055771363171
11.621303098076556
-5.736349903239562
7.0764714254728975
12.116699029624591
2.5193907694814217
5.8317878456943415
12.914442692393862
-5.507920812162066
-11.3039398781628
-1.5705598216095753
12.224523316156931
-2.1647487564976142
0.008493013201408495
13.436905459623869
4.484588144662556
-2.769942025422216
3.866054654688206
2.916599953933944
12.853601919935329
12.956339222016663
-0.7212906485765149
1.319454255049851
5.499167095764838
14.899255679587705
2.9367069403693122
-5.980968074085242
18.163718739994195
7.354981049861109
21.61742451422813
-2.255629957541087
11.064320532940826
-3.1578620454008277
5.294495164786777
-3.8124795698633616
10.44167294793974
20.18779020969221
10.72583505497494
7.059795999844813
3.710400028771229
3.6485957416673678
23.646847304359035
14.69103869745356
7.106545842176826
20.571819953392065
-3.211920568819208
-6.264928939981903
9.697876287885453
8.891019081213454
18.19026182536065
13.745729196065104
7.575809338326871
2.758414181926292
-5.33395342275227
20.263599862205965
-4.923069115931932
7.702577032523074
11.704741174819585
6.039929141860592
12.306774045782069
-2.4278364966521178
13.651780014669475
12.283934021425555
8.52155463621595
-1.5387534395453315
-2.46461864843236
-2.268368865884886
-2.9752894146768103
10.330711221925666
13.361855144439764
-4.662596293108036
-0.49648976629685393
0.37894062775867177
7.5393148607286005
17.637842426101518
0.6402398438864916
9.465261784980019
1.4448841223916986
3.6064166647704345
10.48552317097157
18.49542696443382
12.624622563595917
25.727430115791407
-13.13262199918125
2.0459265739405645
10.188414958520502
-2.549280764110015
19.076989165533238
4.468681760554998
21.19208361634348
18.142423565012685
-10.40469915998774
-0.7758018721226732
15.233298946018774
-16.844897071098885
2.2868603263088456
-8.177690427013983
37.88623602639355
-12.105854471599972
6.152285169946392
8.834105786678519
4.175348989891032
-8.440116287641404
16.558176295924987
-8.82939423147395
16.581312186508832
-6.389083720822695
-8.18759039063115
13.714382187422892
12.889254164113447
-2.275297848609398
2.0260164028701935
14.594107111171528
9.601273185447557
22.02617487183486
-3.566875142254549
3.5030084823976155
14.002846131199213
-8.25273910289354
14.86394745040153
10.688007860806891
-4.353713419390553
3.637084052544357
-0.7874606254547798
0.4354137455643725
0.893471518900701
1.6657749308669532
6.106529160373103
9.476998567553846
3.4525988492869852
15.377602664599163
13.276390909912612
11.334720822739833
20.83841375984239
13.437221654424638
-18.58482035132919
-5.434718380875179
9.804426645367437
5.768166936882689
11.761771856238031
12.213165112032838
1.2394618979026824
0.9732081920920832
0.08633618393338516
7.366557584901356
5.6545666148543505
6.302399506093092
-5.565008895073349
-1.6277615582354805
2.9026706439750063
-2.2495002869462812
4.346597489318941
-1.735999488282217
5.500820333611872
28.328490394516713
-5.742920445948659
8.097567497355394
23.461022410464153
10.609823664164935
-0.4846144719086931
-9.056077637896855
13.182385240061002
6.07316634135756
-6.862700090623349
8.353412815607438
9.155628500448397
0.5866137068623649
4.838576660619318
-4.4857174241579525
4.086041364210007
-1.6114611437361956
9.177055082398969
8.378365815167141
8.883103718935079
3.632597369345047
15.722867268950711
15.359637101540164
18.12766547309724
2.7754433763963915
-1.090941104751323
17.690331359474605
10.438964456189037
3.9754673084623744
4.000626145007449
9.901437046714507
16.22819921970695
-2.6711190546658763
6.1432628877488415
24.47978136744571
0.6921430366066152
-2.5507013853897886
-16.506587859735884
1.2191210829747594
-2.447128272465741
3.1581894528758245
3.1579688072416303
-0.39457332655331356
16.548612097688558
-10.699154897221192
-3.5630495719358386
9.645161903216206
32.44637216033023
2.633157801652616
-13.717410797044408
9.92674867853205
0.7387216985715259
-3.0307518924006978
1.8541188728317897
21.276902553927822
10.588199902091077
1.2188296470761237
0.5233807575446683
25.354443981057095
20.804804465151
-12.49519265132448
2.8545171787266326
4.8557009440339325
11.412198525150316
13.927509049385037
-9.939579694237498
7.352607366019312
1.631600650175903
14.188727741570949
-3.1913437861611236
16.22231095007942
2.6390829808359006
12.672654233867611
12.700605158803478
6.751779735801692
13.309266572187656
7.237966727311434
6.514626972192998
0.24301135934693718
-4.0465104374079015
0.31972990168179205
5.672679722479484
5.899878004836103
10.109090336631937
0.9922673674291538
-4.679450817279044
20.800618706758748
0.4538323666956554
-6.56875133035544
4.442086663583512
0.8931900069698724
-6.23263884742817
-1.328930490553538
19.449971584828734
-17.133978831095504
-1.354159797800766
7.897760388462747
5.129910272491935
6.5618556191883854
16.43905965292372
8.529198669987581
-0.33215760813917505
-2.6306240565414143
18.493562421580496
-0.35872611505627816
25.153299947911492
-1.5790545274909018
-0.34017821846865726
12.018187034043502
4.501662903285198
7.929169041072725
-3.701488703611588
18.882875327726403
3.859689643990888
-3.532286361438331
-14.754197705361879
5.998282920292391
-5.338464726079511
9.043954342492686
-5.918713016404567
-4.718964496877472
9.001860745589653
-4.5621339172719075
-3.2785477699081795
5.410843198710526
0.2768369515188045
-13.28643195574066
0.7696881014800532
0.006126067953137415
13.855762001115835
5.884359737545007
18.334938078326555
14.294534432110405
-2.4516580270151245
-11.108689274946638
11.343184729494489
3.0306477049147222
16.326376038306826
-4.74894788092239
21.091051243776274
1.6745572244038924
11.475352098945297
-10.256810269498132
6.485255616964791
6.8361364226966925
13.186534655342971
20.59447549050855
4.032224696566777
-9.904011340708376
-9.570784428312711
17.803642560409347
6.338555100811984
6.460688958468728
-10.886036814819349
14.433371385575482
2.7662154879160576
15.450112968323966
-3.327762782373968
-1.6236678728439644
20.52596117021111
6.86702059750819
6.240401660817156
-4.3304671561789725
-4.035799325172675
2.834255788594164
20.16140580030079
7.814769570900328
6.7971905414725375
11.157153250372813
5.413019663632727
19.84058080729126
5.825750991746453
11.91303137253096
-20.00814259281952
0.7614896279084418
9.912060295669004
13.25837771376917
-9.606430577537617
0.4788513832466199
-0.9153022747290374
10.292108747404939
4.896058021417762
-11.165593413510308
-2.1852548577831072
9.656474726904452
12.310519219112667
-7.985890836730018
10.177478837544315
25.825111576225957
6.545717339907617
17.94462698585031
11.456262799458182
3.4938429336993737
9.119336609888496
6.5268824452873675
-0.7856786616628693
-8.48030890582476
14.343180423065553
6.952599455981842
9.228986221799879
-13.536619592502493
8.9060327020476
9.190937209620138
12.509647923452071
16.172357531267718
9.685079406286892
16.080927317409994
-8.566300467657832
1.2935006558042677
0.6227298254133222
-9.88409369021271
-13.99889307476069
-5.523628544952349
-1.6655467398549124
1.8252628290070492
0.44925579331894916
-2.1062981549386937
-2.8087765972013647
-7.986461282787809
-4.282965415276557
3.613598631538141
5.453504171421956
3.754308514141809
-2.458865042068995
-0.6952729280299641
20.43754336567739
9.30175172504341
0.1974006926568581
14.859087186182137
6.053100743384012
5.868039870160157
-8.448122694535058
7.736128145737865
0.7856946708788879
-20.489394134598868
-13.889791752523074
-4.480473301575321
13.47874387184384
-5.866583976313509
-23.2248610239254
1.9480089915447154
8.024748440801531
-1.977555275412886
5.56276620982564
2.8708241722928776
15.197890672028894
10.390957466408498
13.686285218742599
9.981073822755128
4.208663939904706
0.6035055427057152
-14.870746362286983
2.2137220775007393
-5.783288086766342
13.332987597514432
-1.9334605129596998
3.018711860136465
-8.735125050687492
-9.816710020735059
26.22210066197136
6.563477123991716
-17.563658429777963
10.23561088741781
-18.567212838935845
9.876543574567894
9.832290214527827
24.332561029991833
10.941209550041524
5.084967470240998
14.74623921430233
-9.642283065445733
24.236400819186
35.94751088473799
-0.9242909348158488
21.25688106584744
14.920167787668792
11.168870086128145
11.487580089842107
-6.629710713598978
3.1712741630433996
21.505666907897655
3.831975122817762
15.336236276445057
5.637005004506186
-0.7469349123775899
6.045986387834547
20.216627938464768
5.571662021218423
-8.271786852950067
7.478843007149127
-3.2441221411077095
15.747700972725589
3.449888389076148
15.759681925115174
-14.19356642003098
14.57535699063558
-1.050389579935798
4.105014716942803
0.7046485798313515
7.833311100127219
2.212281206801015
0.17691246992224396
6.008097703790099
6.10884103965351
-16.966452719633835
11.437773974801694
-15.142674628768194
1.4139930103850245
12.271759403474682
15.133617429716375
-1.4263205788565303
5.947203692321471
26.48851170870534
1.3937963130248776
10.716143058199716
6.014327135462484
15.474880083033582
-16.5985394882432
8.456433304855707
13.073341880178287
-0.44641614902009863
-6.881067655782168
11.302759614019195
-0.15263249753064123
12.303698699097358
2.220037171186477
20.06247615453188
15.630494201410682
24.02152448955394
-1.6860523862554464
-1.3030147005587196
11.721148926267386
-10.617176907317658
9.848025973254714
-9.061372799778447
-4.31999135103411
-8.353937533042892
-8.684891347368325
-9.76687550366437
1.2024740877103572
-8.436929105930522
8.803945145907566
-6.3807303676397265
9.917989037307763
9.48889674784645
8.471248701716702
13.838725067811463
-10.55963074788357
3.178901164825974
1.2408064710408362
12.844537986391584
0.3698924772773058
-11.159533102855445
5.532349126362161
-6.722088476143908
-11.174408968696547
9.865365185376373
-6.636669175927558
14.161791140436042
-11.839888575252424
3.8045740455941424
4.9885650038842995
4.824427950869961
-0.10563671414634523
-2.6860087502551986
-6.703644713482719
11.062764972330653
6.064269207291526
11.941377918100649
7.586223332431668
-3.6791994695268073
7.541716403098841
10.567942032446247
-4.912019747126735
7.927842133222484
1.1405998060383604
-9.870953877120295
12.154823881894439
2.6256264496045354
7.339892151122974
6.3334471000649435
8.625607589221477
13.5884095032272
-3.1135345313912257
6.300011101661606
-10.144915065065147
2.1271726803004407
9.210540420364795
-5.748335127648687
-11.577251591437555
-0.07952717480760896
14.888499671293522
37.64903256086518
-1.5017910344111876
2.2094041062546803
-0.6734317049757372
23.88820362246975
2.5010142369006854
3.132425162883152
-9.341440180815454
8.431356930710953
16.566685053115524
-1.6322493754014475
12.207249553962392
11.031936264446266
9.149772222808005
-1.8651014842240397
13.88761793481998
1.7845246075830925
-6.92684226839965
7.820198575365765
14.856909311686161
19.389642625090065
5.299034078074344
-2.6744800828488184
5.648756521091621
-1.2198742054419212
1.5178194721347267
-18.017448390175225
-18.51532357025496
-1.6246479553905315
9.881312497452242
12.536033292643141
6.078257445760349
-1.1734139105672172
-1.9944734659083512
7.507219199175852
1.8616934995748324
9.987037548354271
-2.991986078093383
-4.493770122499459
-6.3791844129462945
20.016299031825675
2.942024954263312
-4.521404582597167
15.609163614564023
-12.749312060155486
6.585109594202424
0.3266480473108535
3.9565121538359205
10.467656355694146
21.656637241931527
28.402950461498847
6.9536010493803175
2.534501629128766
4.409734198794636
-2.055430471776681
10.449392896993116
-5.69047935671154
-3.0245103974982293
6.086609401327273
-4.29964679969242
-1.416619411950089
5.203484943620684
11.203469741053206
1.4040499911485105
7.1989061304598305
-0.28982230784667173
13.277047737369262
-2.0424109504849985
10.036928236568098
21.82239247533222
-0.8582476659527707
1.7641628783724563
-3.2398155491388536
-5.21779712045606
-8.738553649019241
-8.642851737744529
8.34106892473371
11.511052243753756
-1.38574716566628
15.90751332319092
0.32283070720895335
-8.207608126867157
3.1655181911084576
6.203741731267872
10.919299308856846
-23.782919553492615
7.4036764240361315
-1.0535314991817577
14.06977592318855
-5.1896224889938445
7.844172468552701
0.4120780018209196
-0.8571781977358004
-2.6445013672107844
-0.6492040201685185
14.470307715028323
12.983724029183623
22.789656647252585
-2.2065462516925836
3.4660493767383453
-12.691390259412238
0.8793660558673206
20.661588183501408
3.228306395142144
5.31443549128401
17.164996313614168
10.091070550471159
13.219030587936055
10.399692354804062
20.149636901499967
-16.12316651020574
10.440163779614824
16.062824116292575
10.688920517529242
7.687691116352919
20.357453821711164
-6.642673736968952
-4.417030611800225
10.754518528438751
-3.597637375946112
5.622190596076824
-12.591090890186297
-7.463603502549178
6.298784013954952
0.23835674155072528
-2.8654860262528024
0.19690034020421
30.094568677160378
21.193549587204732
-4.542571711882328
4.523364361787003
11.736697283695648
-7.928203368077478
2.0671932537824866
17.136201464510847
8.33091040363508
-2.3714349885851504
-1.7408069211784571
14.853235669441627
16.051588700188844
-4.501743647606958
15.211982038698002
8.37100161114176
4.620228354392468
3.198668583283913
11.672129327596334
2.7234216167277654
-1.9333605927559159
4.506733567997484
5.267398833645444
7.387014347805912
25.69069507420808
20.652517669354797
9.282645981999456
-0.936802901876832
1.2215672469339491
13.316220304411244
-20.27311632797257
-2.8799059464530616
3.7081359443768807
-9.644651633172893
3.6233512953562577
-4.50184216750171
13.925476449887833
8.645471216301505
-12.107352382822874
8.341048067973045
1.4651655509416295
11.511654658488137
3.8575651093555865
-16.858274319455504
-3.838311796887796
3.135898898561719
11.447497596284355
2.4889514349283877
14.274719752074041
9.955988856235994
18.804583496572633
24.83474597945688
1.9043126897287683
4.183659416225102
10.13820358573966
2.3659581697068424
-2.9886804960046076
20.35987430390339
9.420653611850538
5.422411185623395
-7.86910825699411
1.326158978471728
3.9920843935324735
0.6518750582202433
25.44010198949277
16.92912233937969
5.796387064598001
17.47825747769774
10.666015949020995
3.7272108213298893
28.96935512048593
-4.415379377142317
4.327223425797997
-0.28891544383419543
-0.6085530739646297
9.086877177236886
9.539402786202391
1.2010192126701686
12.548066092831569
17.84461391174449
-0.7519451263129913
-3.314496460195823
10.309423117072722
8.4466128633182
22.535037336984306
17.997361592473318
-2.9108133868695285
5.64721689949509
9.014835191384353
13.988473929832605
27.76003984250365
15.461035491890572
-3.309978837291384
2.1308078423530734
0.7305327882464727
-4.412926058143276
7.558888596196025
-19.338069629531894
5.82115012687423
6.896025165951801
-5.416584535397057
-5.341209112150793
11.58571428310442
17.018548490829343
5.426261879317136
13.151931470297363
22.22894728398781
-17.019556537600415
13.507575295415727
-11.226983382188685
16.953246654827637
-13.15112277082443
24.41507758675328
0.09754894101332834
23.977041395320832
-0.5202994674547332
-19.0186977719751
23.871865045294488
16.439241272415273
-8.692353982098354
14.676199086843123
10.266665762476844
-6.776708307483679
10.48834941230687
-2.6830323860287875
-5.808517611182204
13.13172777019145
-15.72006213079252
3.1707689059150663
-3.004407139204581
-3.9872993161147487
15.367398607015424
21.26424799789974
4.063212584765086
9.294172870235382
10.875975636124412
6.288106579241345
10.60220854782882
-5.742180223048315
23.30889182255431
-0.8554413318062251
19.78052782052802
-14.930023143322092
-1.1393867900499277
-17.34643366638601
16.9823527666345
2.382754905351347
8.162582777740683
4.155024911455238
28.754030859872802
19.811329563187094
7.867704174388708
-9.365218708847419
0.4722259865953653
21.640469047996106
-3.9665898633890375
24.823450804883564
1.0634085292938473
6.925374129504222
4.658176845646157
6.233630748399528
3.6675956160578638
33.344731148674725
24.48080456879127
4.831974571943754
10.628753087312823
10.17934221992541
11.578046938957218
8.283409564340422
-2.6641354116863756
19.78263335612148
6.266855319091758
9.99906338028228
5.120653598390588
-1.2669541858106133
-0.5387384114585405
6.0028770499852815
4.754474383222831
-12.710125501863267
4.267825584524263
-16.36565121030021
-12.229349840025947
6.8761791236435466
14.734920749303967
-11.63080970419929
5.206821903354921
2.8024319549863708
2.767662456100587
6.972555663845093
-1.0623605638605653
14.828784550101934
17.962549935056916
1.3055378749132247
6.30972298233831
18.997709002220336
-7.96314254207628
8.192612541251915
-0.7141882791842677
1.617936061200898
15.713694569798143
-1.453672014001631
2.6383389255378247
20.517075973565415
-3.5344372082365236
5.088089727413993
5.727211604766025
19.92211544579254
1.6290500442198792
7.172341804494046
10.531485432062409
10.639038516856889
11.052825960953442
9.162685500582556
0.5695003452188327
0.4349387484602687
4.4968578933720345
8.899959877686374
18.259939825949015
16.16203408944302
5.6039830682108605
2.1890226811262465
23.621345517193795
-2.171728435328653
9.725515173358929
17.078730125539934
13.812370759619089
13.496421999535452
-0.9076679979270867
1.3395235949164013
16.572277594968327
7.199989539158431
22.16514031673821
-15.77726889999115
9.733616032963212
-1.7152052303202323
20.55726669985138
10.476309255061324
-10.073872766852132
-6.527877278910948
-0.8001413312238101
-4.326497175412964
17.91818207844361
-8.541254086434867
5.3882120015301185
16.10043085303581
10.006535524231031
11.344158867808545
23.355498776349787
0.6109895624130379
4.639597806630092
24.02523243765378
7.535648680478198
10.531713299556223
16.616337345701336
22.593546097808826
-2.1269179180937137
-4.3340217422490905
3.3031138307440058
7.325072778332054
-4.580686033819504
-1.6676073168438652
-15.27827302801419
28.50520167383852
19.095649356481488
5.607862118268744
12.137198140990304
3.182183225308356
-16.34584127879768
2.0785584225203753
9.429089796782645
-6.916360768204285
-8.091169142202181
13.109761720276746
5.552395267176327
-1.6420033515118524
10.554444730974595
17.421011198502477
10.823260831480846
-15.686713133452038
-8.990726561837104
19.466959756985617
11.908999758435426
14.733187340431558
11.76207708686624
1.7396132225548784
-0.636361348278002
-8.75997095056154
-11.73099647767016
15.626818547472377
5.360396115592955
-8.64162896620561
9.059052095471136
-2.945585004990667
7.914733005004141
12.425061599252597
5.926863971897072
8.605968133560854
-8.325656567190993
12.033891475706353
15.34071768541111
11.430824536447192
-12.521035991297538
-1.8465353737527943
-5.970416741508453
11.738478518430178
18.615216072712805
5.301583434954845
15.183390597959995
-5.960789845213114
-8.369504569106196
-6.239027597230319
13.021755173516588
27.468833558257238
18.136289618414914
6.938219815952037
18.02655584558689
-17.967620466950372
1.029991915773877
-1.7052475840626595
5.050861565083313
-0.6036907314814819
3.511031308708338
-0.9550935900527238
-0.18345972573875624
8.266762148583148
4.842259333260616
8.335988009256575
2.820814111951486
17.82867361693784
6.233201117122594
22.275374403202278
-8.315874068804128
-19.812166915339418
27.094690509368
10.002101665082993
9.026566527931324
12.016196207411964
0.6387202632207511
-7.073677844563573
19.417748518863064
15.409782250356548
-2.2145002989984173
8.740756927720334
16.454284525311444
13.233849769687763
0.6927138448741479
5.444772919659263
13.603674358963298
-0.5202271555397298
18.86551680428826
7.2742685384940255
-2.041167380679023
13.343171441330599
18.674250812735984
-9.273915793731746
6.251444573419424
-4.840714541114675
6.659763119862008
10.236944657693865
2.870272211235367
-1.0387848404795257
4.077578243832191
-7.440126045979937
14.7679249730087
9.07139431359698
-0.4522453711385328
-10.864966261658335
8.873263906434168
11.682348518924178
7.414043660052885
22.88267878683399
-5.303071640514119
19.255586826615062
4.2171924017967255
4.9305037651932935
-3.1026163328674503
0.7512109710234602
7.905130929443082
4.440764069729555
13.688852515968314
2.3846836013751664
18.76924732574348
4.235768575386649
-5.319747108791821
20.78227789216702
15.773322591437328
2.4695751685789347
-4.41055997174886
-1.5803059874738947
9.987065693144823
11.400220192852402
9.595413988326913
18.177573367125106
6.586305261664762
-9.232492229637536
10.75171367636481
9.216567272338889
-5.48216553272875
-19.402594078996557
4.275580627805915
16.64963897945902
3.601644861423024
13.043556982905585
-2.307529302370969
3.2597269500023813
10.728357777458546
17.79358144906638
-0.8785110151541753
-2.6141348745216746
10.353803015813263
3.3739781753102256
9.399832081010135
9.173583769685868
8.386213939617207
-7.341740703238337
-7.684469812699389
8.255078080554792
-10.728831495253123
-5.358239553022415
-12.63871509618918
16.301327242631956
-0.967581907469711
-2.451406286796506
-8.039137530418826
3.003250382993694
4.271445040007966
6.938642512275624
17.734496002802878
-4.311507492076451
16.24945055786499
12.041747731229485
15.589649589400064
13.861354439820605
13.434767442526379
8.534380586125137
-2.9131711779236946
-12.023653542641469
14.593873913139177
-0.7960785189177262
-14.494733824582319
4.734443250922023
-3.49989887912068
16.96336728779304
16.861231566457395
18.544429417032262
9.125305939579375
15.871505440886938
24.744451691838595
1.3450246699133568
7.822168995547173
14.36878022768267
5.250826110992742
-19.387292831388244
5.381098687336059
28.40131436819032
5.506743161487177
11.375787708656468
-9.716684968621948
11.674528860434545
8.823466882050628
19.49003954785208
30.552871633261297
-0.9548765598332887
-1.3702839644340585
6.78444056046345
12.927742000004557
-16.05707596031321
-4.780141024789538
7.171561217896977
3.4543341503660456
0.43812234412794293
3.645065475885572
8.749683715349587
12.62421636220095
9.241429459231856
-5.969687389283756
-10.206258717340784
18.714893601015074
-0.9405798983588092
21.35447719855802
2.990595584713823
21.041451037303645
-0.8434007458359147
5.775123773536408
0.18548727445161184
7.720246929418873
-9.611244428022115
2.7703084417036603
21.280121677557894
5.020890734369932
10.277615295947044
29.934131573040126
6.100792968169015
1.5635368343616411
6.447456966748999
7.970897009784908
12.210333253243247
-1.645735324951617
8.486692501712625
22.311450979139387
13.27998914211682
14.599351167790488
1.4736781385433204
9.529284651269917
24.47191789816317
7.332419773580607
7.777248111007015
15.958887098491685
13.585533735780713
18.31960561141299
0.6350497902917782
6.108822729374091
-4.071774448012125
-3.4657627262653516
3.105845192314153
5.260279339285952
5.467837102398382
15.758965480520622
3.0758400336887024
21.21046064406743
0.8645058092671469
11.549031698426026
2.1044366024546868
6.119113762523687
5.262093616367705
9.63397940575934
-1.0971099520307117
8.388874592002054
1.808000153309849
25.02157021735716
-8.628602523879827
7.992479572046086
14.462934553393104
-6.916273137562248
11.98767024925851
15.24358815989773
26.830105688148063
10.165246807964383
1.0756977953801212
19.33220740286957
-1.8341593375281393
18.356882926078868
-6.676736887573799
19.007826257674793
0.16142838386951208
8.286384613062875
6.279550009275152
18.242609528337926
6.576687575383426
7.483468233293508
-12.658063775400016
18.202495637845438
5.321482917188519
-1.9674788896978956
9.629307885342875
9.27483696010178
-3.000099471922068
9.953496451123279
4.644465299337061
20.299696133363483
0.3823360696113056
12.532387059755123
-10.964780125115592
-12.336388937869987
0.6946428661480484
0.13981005463500384
9.348650194471148
31.003503339179765
-4.98196204087896
14.809238761884654
-6.9247906150629746
-1.2654541755619908
0.20681226710921763
3.2430933799812207
-7.772579777786522
19.147164364361938
25.44383905317624
3.8675383294397148
4.641982182705617
21.47619598345203
13.003230572222723
7.3040845529415845
2.034190768978019
5.571006718992677
0.8785763073715751
-0.40179914085985047
18.275604802246967
4.519510724606283
-5.460562984278807
-17.038181789809347
11.001703143732536
-2.26839012841703
2.255969106389308
1.3539007907995821
10.041474856698553
-0.8653069095860975
7.564074849777829
-0.32094791163822745
5.107669929701271
-2.3364039688003757
6.4741043230610025
-4.827253412487831
2.5208715382637523
12.386327318251086
-6.999337361117199
-21.420594069217014
-7.992011430363043
-7.096880322598862
-9.484410621654327
10.968136337258096
17.104401407280534
9.642575440870644
17.084556699326654
4.579861059006049
9.881821577445404
-19.692406878020158
-14.466533054701909
-6.351184414005669
-0.34014004286153554
-11.50612598662914
-17.324919480599586
7.5202034414761965
10.990067355302685
-1.9559429947964526
3.4958533129401066
21.876653893318334
11.300173330840611
10.954262539506683
14.303058686541299
-0.07126696674168898
4.147868110543331
-15.370115693214945
9.20128633713006
2.745056815696932
-0.5470102570489264
0.07987868155354061
16.407799268938927
13.32793279242525
-10.144638859694183
5.814021139487029
7.841261311268986
12.7956655546648
-4.547196228153998
14.291225314107592
-2.403032127232734
4.437435533734394
-8.729300367072115
13.47202354782779
7.657813342534687
5.919356539600402
4.330915211400374
3.0502890545350363
-7.435752274696622
4.186447242275778
-2.293439583516994
20.973858178478785
18.75147972762371
22.268072468504027
1.3841245655480816
4.241244333824234
-6.082400240974145
12.44758590404754
3.860167179869508
13.77465000865163
-0.8604973010212085
6.776131131417466
18.276499439892547
0.4653159311529711
3.509350229992395
-3.258674252925527
14.949467029551016
24.674968560078582
13.269951352634326
-2.968083705735011
2.3821035784176785
11.09156599564106
3.436080330076624
17.194010713608304
9.168051436590835
-0.4033866321719879
25.2243288662037
11.773297172000973
-0.7723205077489048
9.994375244164562
5.082353022175264
-5.985680540295268
12.496952924375758
-0.7149894193901289
-14.82127246181545
-4.747044329374038
-1.1431664199637295
0.8946335059704289
0.0019380094294270123
2.2467017364864725
11.706437647347979
-5.190670136602506
1.3684406836293448
6.171346610528516
3.764146990668512
-12.629533095685773
9.434888554028234
13.751654642431241
2.2729966756803943
-9.302576346307504
-1.4611945108763038
7.072735930287919
-4.909166755864852
-3.736457503294341
3.6481620382704425
1.8708716483973564
6.57945139078387
-1.8081533508643446
5.530411924034377
14.823092852124937
3.712432106904006
5.425622970453433
-2.3140220452187688
17.808072897789337
-5.606405156944925
-5.5024848017651795
0.9881507893069594
-0.6198846451515418
13.364736281575516
4.350913943821125
10.027215448183895
27.949221638763436
-0.5939353956803242
-10.906657415116257
11.703323704035435
4.215205085860515
-13.893078342366366
5.704043123545896
15.658359500109434
12.844914403651018
10.813200047613773
6.912095300253417
13.691339716463402
-3.0397424940382685
3.8933133856231903
24.154210472805346
1.0243741708395904
10.802439706143797
-11.919424776541486
-1.7188164733774558
18.464953982591197
-5.829258403514025
-3.635800366675644
-15.648966142697248
-3.8639954700502983
-0.23516268689362363
-6.907306593206204
1.7509304489180133
-1.1283350038627198
2.1122558019729603
16.594678725324812
9.944405386649498
-19.440024273278688
-13.484930208638708
5.505666152177572
-5.808036169954605
9.788938715355933
-15.30548093691418
4.354444799565978
-11.187857608430168
2.1263676766561286
16.04530844477894
-3.2444252034216063
6.4696061797330335
5.1902301906147725
11.647145008486287
3.927589649214667
4.559526899105645
10.950407209824489
-0.6640419949702618
-3.6161130343906596
15.526388441668324
12.011932825466642
20.30877198979914
5.888364576408742
12.236625527761724
7.262374994176533
7.081214656314014
4.417437288061961
9.660352901517323
-5.381105416649838
-6.012644895143257
7.459426688870213
-15.025469571836709
-1.7085098726636687
7.003472270139611
24.69131498577493
-11.112829700267206
-6.8803683508316915
16.477192769617524
3.1989731030283166
16.78962113572715
-5.704630849119692
21.646181346457706
-5.124034098690286
23.089132075051374
24.685347459206138
-7.179419727767868
-6.940360049961987
9.828204352997865
9.58628205979231
1.262654394685648
17.274964449142438
2.9313387398979285
6.544301490095881
0.8212471107309662
9.971545122609097
9.979875145323613
12.935006885011486
-0.01634078637008507
9.303654037313883
-1.2154449986943492
10.435184990831152
17.589954269038028
16.587605502997054
12.335846440439447
19.788626294344994
17.112764684613772
-1.3298125615199101
10.91506869253558
-0.09785384589201751
-0.4088367660645451
16.868139965192643
8.58933929291451
7.612711309153232
18.52396457302393
-1.1713253656297251
22.228158734526545
4.157823103325623
1.139399326623133
-11.438711315664676
12.50053659169771
-2.2469163440638553
1.9294560701790333
15.62527432533064
9.774638988760934
7.368466256677069
-9.593031893280564
-0.9543063839501711
-12.002773003495577
-3.4621304651918123
20.983268241314256
3.562367094965162
-4.1219845521618375
5.371405122444752
15.550668253873276
3.8185319302657623
18.018130502630925
4.233115502699464
11.605146995167711
-4.800063844372293
5.206576493806228
4.393362216704275
13.939714624177395
12.742372331565104
2.4575042408790164
9.898567367738595
-9.88412838097579
5.543776018324358
3.7389549329358784
8.679023840212396
8.732574632473163
2.860376471233307
0.1457339579194219
8.118482436142523
8.906001157773776
3.033058844725677
-0.5449430533711475
-0.3342418930500397
-5.487460003942994
2.036929951282218
-0.6242014978082473
17.7086061221922
21.110888871771298
13.482599867449224
11.912023999242418
8.711247716488334
24.19111485919982
8.48410203059138
-7.092341646012635
-7.918467595268762
9.408067579316864
3.414504327663786
13.463414260523416
2.5398463995952314
18.085610659708998
9.21023770759243
8.778694526233032
-0.24318793427642849
9.565357947692569
12.697240436188563
-7.019952642928136
15.31029849605419
13.814577883248168
-8.818337188950931
17.037173005085645
3.401147490295619
4.4375206823523605
5.13440967324403
11.659424244214838
-3.508234769074477
7.04997888278585
19.184092957499686
2.219781504768182
12.3975554992512
21.310082557833358
-5.81959729757477
5.847701599264647
-8.807457942810988
9.529056760760636
7.50814147578853
8.327590324410398
-3.06392155369079
9.971584790681101
-0.23740700529782544
1.985126963487231
0.461839267064887
-0.3312935347750292
-5.197094657316965
-4.090864945429962
3.854443696935
11.932723834225392
15.879728675786339
8.481322694316226
-5.019437574981378
-2.212439955376043
-2.1411772733576626
-13.439840297612719
-21.603546496778314
3.957238740890289
26.342092567674797
16.45194168096373
10.742245440109343
-22.024409938046947
5.916404288889288
17.59750048395725
-7.531426721424079
18.445768071242377
8.333324033128628
12.590714991876391
11.565155741600298
10.138396878572019
-1.187677614854918
1.7124661759571058
6.315602865506865
3.749128126281092
-0.4695776471569726
2.578818159182235
20.76964888176941
10.369228736466962
31.439077242452406
-1.8343769458885149
6.401325899525405
17.10665919009957
-7.431134251231635
14.679108226707712
0.5922607774848769
8.257395606881765
-2.2736432611806903
6.8970098866513
10.145422621451608
10.309953898746418
-5.341140881734566
-8.052388426957771
3.6689024650385473
-4.733442447422602
16.23927798265569
13.37488746299918
16.187228602236416
24.030098078091754
8.206787102126254
-7.303109441415923
12.142866724059385
14.359309595556415
16.76418977914066
-4.899377118021887
18.54938979565436
-10.235524438731169
5.761473302101974
2.492987854029052
16.942204897312195
3.9704357463350624
-4.6891003358224825
22.2486919278996
7.544542186105284
7.58920250434961
10.37491918776101
15.945853035637718
-5.003327498672487
15.038507672191523
-7.418572094301686
10.974473887232131
1.468119765762768
-4.39811608511061
10.633154081228883
4.326679765194515
9.037807901101168
14.515249223755527
14.214419895951751
-8.819941467506474
1.6910572714048904
4.676551340238761
-3.280451723018965
8.006961085606077
17.737264817757726
-11.077879747959525
0.03325883458079559
-0.8295068052056296
-10.779612595003499
-9.905724296899447
12.183879511488325
2.5304109444376737
2.5464559660153485
4.0807806796883925
15.972200030996223
0.03202523999960505
6.83587582448792
2.1850013485210433
12.026994604994098
26.768715398610837
10.722010282454164
7.755970116200276
-14.137349085999343
20.603884172264344
14.997708550967083
19.094957358739066
5.935436472887923
20.992657978254407
20.2782925057218
-13.582861683547012
-0.5429180353671139
0.07335207022033963
9.284513222968023
9.493995320529807
-2.495537522339765
15.785493118394163
12.387283460693144
-6.246402953607275
-2.01152327878543
7.477425899055715
2.381537934703367
31.909148153465146
0.6877532131009829
1.0136356008201055
-1.205208330738886
4.802334823571986
-1.8646070893397724
14.188494088524958
23.422375968718367
9.179830914253163
-7.911738536527604
6.6161113988056535
9.88824698042892
-16.501523870794728
-2.7068749834876833
4.304832307583737
-10.092784380856054
1.2684967631074588
10.286934743002274
12.350166761461635
8.538536366155498
-11.58756220258168
12.336299456509124
2.1256294946002767
10.992119876961812
-15.861934264287044
8.786499677746384
6.628830174430911
14.575427709666283
20.732665315654703
2.9730935314856914
5.008050418232823
-1.9913105302028908
0.1341464622969628
10.215941557930975
-7.821239847424016
5.963568062259791
13.49710347536176
14.063834871779786
3.0692077751868334
9.620445222504959
-10.848192015067601
33.71303059022063
-1.5994107605458874
-1.8721467316222462
14.477889164971515
0.1131076058522753
-1.0917115081527973
-7.708296250872166
-6.610592679633081
16.802540628757917
8.216884891321953
-2.340347626494699
16.436236486242553
-1.2584079233737677
8.857710240821067
27.05757762412538
3.284767953590112
21.193140809509845
10.135664973799729
-4.198009359121727
-4.610239576725917
-5.3831390351968835
4.075578785740994
8.387364550395473
6.635507487574516
3.6760691223857807
8.026094452850238
5.2702492532687275
13.018624608571121
1.2130567733635687
9.403245878939034
13.709682677692133
-6.5526555715889145
-6.284522195696308
3.6128568371967336
-3.3209310157478598
10.245866283217236
-5.032402987551212
10.116434999771734
9.83483978096281
3.2821973059387055
10.886895164137737
16.878915842906586
-1.8280835986521211
21.755821874873536
4.368835164934647
27.497286723562155
-6.224946357003562
-9.376291364815652
-3.685610547537891
15.59775227088895
2.82901803194806
10.910414541537614
0.9650340897776619
8.427035428667445
10.87180922595422
14.068316218458715
-0.8972433627684673
10.864402068135247
11.285629491722421
1.6512485910484487
-0.39289784020775453
-15.878684684162806
10.3645958751098
14.962429118987824
5.907748505111591
-17.5180516951116
6.056894402520268
-0.994865898720473
3.6717413834771246
11.799164670060007
26.803068675709106
-4.097033768078868
3.8409720655896633
15.159301636443413
13.671348752382618
-5.625924922380751
10.214420828171892
2.4217156788208625
10.112603579606589
-0.9904772862217328
2.5990174209295924
6.867857863950278
18.788367055897147
5.192362575863938
7.765103573979932
2.570657033815373
21.373617925295697
14.348761802793286
10.911837351295603
-3.3494272469395714
-1.7256006356200082
-6.151835325582551
20.653835289170196
26.61726107062559
16.866161407735913
0.3132563009877227
19.342263403205415
9.1973802281041
6.256374704455005
-6.3188041510359465
14.148441409450982
-1.5871427788163759
-8.802158431255664
-10.867992396069246
-8.974231839460657
2.7250305894544
13.98707413423944
4.116573820974281
23.00528707782641
6.089884807164861
15.09862131083503
11.718872586940545
0.0933489470418678
22.357529722602322
5.929119384061645
9.503431067744422
10.768516702737358
-20.77313836545439
10.473036465858755
9.186337999807563
-5.87931077638903
18.83239281049702
10.274489896742192
4.052595068120853
0.1874895932351066
-1.7013729395902395
1.1942106734063391
-10.124118718071601
-4.89708413954124
6.123731513000299
-0.8734241011631703
-8.270542434288569
-6.756230255660171
-15.120279643967724
-8.82005649723266
4.319300876310282
22.4361369382678
4.1749558637956135
22.299194916256006
-2.2326452853406895
9.787515184865217
0.5386475392141596
2.9924410961092516
-7.084600807903293
-4.7697037913617795
3.6842442136004756
-11.647297637124652
-9.42815253536665
-2.27783652129067
9.248886281163957
-4.086407589250285
-18.31494569822812
-8.205766632080387
12.366637725542684
35.1081598547854
2.7641993728039806
9.347746874195803
15.526154891261875
8.356120384065324
24.75038966903596
3.2848044216932952
-3.4354146532498557
2.7849618418922177
9.600828899726086
-0.6805465563889159
-8.516263962112948
3.1614960136706802
16.985900668441403
-0.5013933467605804
7.149715301811496
9.372885224821436
-4.638831994968676
14.078873036041173
11.914422109759517
10.511001691307616
11.243126042798819
1.4513441829948137
22.870259284990038
-9.738456205786976
14.87585038746719
-0.32424022770072725
15.04878518562801
17.045779960708405
-5.074948065918274
-6.786903669422809
4.729849871473147
-3.312519615149723
10.59802227517471
16.8070889824622
11.252645114041455
21.495142270847182
-10.56169465282145
-13.084125652807845
-1.5546162165373865
9.616526609178734
12.497757479385784
-8.264170402389976
-2.961323433156119
15.978498803193109
39.72900682900728
3.273900971500603
3.85610876204459
23.033504555964868
8.47374280725613
6.1371977303359735
0.663800044561917
-7.893003188688967
18.933864056973057
-6.567581289110965
10.85214552472901
-4.628024537425038
-16.699265524379555
11.097697572289277
-4.810441008395463
11.530360122200735
-7.777184871878584
19.0409471459559
2.470192973245802
2.452024169372129
-14.078104480571096
2.6070187331618166
18.27239199266698
1.50812443050881
16.68367133410205
-3.164087576663576
9.989430213227756
19.509484892005137
-3.3199620278847988
9.739812549973983
-1.306048188052138
-2.5829642485724253
-8.250593854330823
-10.499517005717646
9.67081374544193
4.443616594013379
-9.21415005410317
10.968409234300813
-6.027475947470609
2.9169472614511256
10.698758201272993
-10.922704959873661
-5.489179728921458
5.992922117783684
5.255548172102286
6.865568689544011
12.243632468036605
0.22660978912336383
18.080092134226522
19.353580246375593
13.997570305802794
-12.735720851796778
8.908694175168158
0.6537018553164877
5.965552245438659
15.671825349054746
1.7114427404836312
0.1538728593960661
6.3603822401254035
24.54676096831466
2.003661062748314
17.49241434386933
-3.386194222942329
24.346205434116236
7.315003759554838
6.88721328041744
-2.168079632754135
10.93635731092249
8.36078258992143
2.657066761270404
24.598649417494194
2.1538631158047084
-3.9150118534407987
0.31042167495776063
8.728308641996884
-3.096546397535729
-4.232184736835599
-3.370400230347359
-17.88970291771451
1.9819140803686213
3.811388429004434
-7.091731140634035
15.139549815484788
15.799606213074833
-5.9734606382216615
4.866881823284193
17.22217062003884
11.187708013676161
6.272511301155424
3.216872291983998
14.898086217204629
-4.823781167813371
17.43052450788837
23.2128869584268
14.444502520692579
-7.9911022761271315
-2.088876883115054
17.860901889365174
-0.4404801689799287
21.027824819416043
-19.760228383581378
24.06859315134342
-3.220788500520669
6.918126081167309
1.9298742907993804
15.559393015148961
10.85451511649261
17.124546097083584
1.6844387771359877
2.0979081655855603
23.2320005001931
0.7329296320980578
8.466815075501897
13.992355963752555
1.033051422432019
0.984686202370125
0.5081264633899378
8.757051974792692
1.2873878519067543
-2.6916150443882048
22.784351629322042
3.019924387358022
1.2056694768802307
4.851277632778664
12.95933166597528
-1.8651674000112353
9.300128621912378
15.185140850979543
0.31851538197925144
6.918583508873597
2.2568928444643506
15.341403231869633
-20.95838151291186
5.440557420759993
12.478597629683822
2.1953217409098986
7.857223170349925
5.410660820737839
-22.269962251567087
17.320575651695094
2.1393754514464165
7.385533883733709
3.377190569337741
-1.4685028496882886
2.9468526707530605
14.275230881482791
9.542945528343694
-7.675725337855244
10.425700149967858
0.9347974874142277
-5.537928876533375
-17.34098367748784
7.1821930451787335
22.766976052416773
8.354730304919478
-6.622416524446951
20.402770271261424
0.8458759864851952
0.5111070302127789
-0.6425487338962856
4.160801863978694
-9.380828650539259
4.006432990029821
16.728878034627577
20.908499034619897
-6.104132971495355
-11.179984577587486
-0.5612591404566398
10.973458948619628
-1.217220777265088
8.485443769497579
0.018473974353911515
16.15886507239907
5.975219505830381
3.8647704126930567
-2.994137791296321
6.340215139269013
-8.067475622768743
8.634912663258241
8.757984928777459
-6.39090108173297
22.633032487388185
8.212187266507133
-0.3144038523781587
21.82597392137326
16.13725280828441
-5.288784013238644
12.711453816918254
1.5966002043449734
-1.1839329232774052
-10.902038360573187
8.665303490194582
9.966968263483974
8.380698303459258
9.027314456326481
-1.3532350054772646
14.359072903494308
-8.882736393326958
5.350584332727452
-7.501353938825288
-8.963154449222802
-2.8735870245748574
10.616140808839166
7.020342766476416
2.127972497142701
22.989746011523515
5.221501661361444
22.402433800005447
17.801985538066774
3.281651917249937
-7.127849629137836
3.062478891001575
9.408850915768323
3.616194737299328
10.687631591129788
1.3569630575657903
10.567194711205413
-6.558576993064371
-7.113257917865067
-5.287806585429131
5.440505449408266
11.404878782892975
4.804961323990007
19.12922936576063
2.6949054940938204
-0.907674547308349
0.5417015313953071
20.75211428595205
3.0519737519722576
-7.400043884494604
13.614792697293181
6.383058920322232
-2.075538443620177
10.56350490240353
-12.119073861580077
4.807480308084559
14.94529026189818
7.577428384106373
-0.3675417048533465
2.0507109407222774
0.7124776158504131
12.92415451669504
7.172908444142211
-0.4905809533777541
-12.822142002213685
3.9289102686269493
-6.625999252754459
-13.143676445228731
1.3965224196912351
0.1984698140560246
3.99790351839576
8.341270522901869
16.999093514936533
-2.113920698153299
5.330027327785142
8.905337227505143
17.861993745872415
-0.7716432894909673
6.648833496792383
11.951256698758568
-11.424011178052062
8.656892996843954
15.832734626148504
5.623064623633807
1.2197394829096435
31.273142442779765
6.744568727216445
3.583711833118502
-4.422168716650621
-12.786593480465555
2.124514148879003
-2.463839703578399
21.941765482600864
5.479356110456067
5.235726025804139
6.562962034664476
-3.3759807995492146
5.943533455147971
3.7210201563660856
0.6082255605628175
6.774183040301326
10.312733682910942
-2.6889553312435375
10.60117967277299
10.262273371389966
13.830505712954599
-2.2447581006752237
11.08774409563917
-9.360594385919132
-5.809003128202734
11.191628441716217
6.7559002886023976
10.505123448339281
-0.5982912170389207
21.061706780808365
27.13938561217379
10.310654239327913
1.3672847758467883
11.692003608699203
6.532033288551558
8.80410811834789
18.568394418980603
16.725611976096232
-16.511477682139
-6.008415076287193
-4.646226153376475
0.7968179166062681
20.081694150382212
2.7965782796649976
-5.3322492267112835
15.263644733624165
1.9788695951891517
0.3738745417975178
12.154908418767446
0.7436173307727607
4.245525706700692
-1.8884702974923524
17.659652482923534
0.012766413480044925
8.314718905741955
24.123677794286444
36.36453021048465
3.875571880703153
7.599600574155778
2.1005681629852377
-4.457868904690139
11.267083925385633
13.79720835104068
13.400839802017465
4.342058649745461
-6.875721444067954
14.68674029899404
14.396068895972379
3.567380005257701
0.08014618924174233
1.1189515057152661
-8.782782354056032
14.590009837440851
8.441324292999628
-6.818181542115775
7.292548770339884
2.7305850756358625
12.600027234158699
21.44427114342536
14.612104644048683
4.1526686942134985
-4.052445506133017
7.687486505976769
7.752777294514969
-1.4159200305970119
11.281776170056776
-0.5331763876022988
17.68169833861314
8.11925350530625
8.655636924224158
9.768065944751118
5.89962310105388
3.9824533883119773
0.40415602148875784
-0.12143144008957751
19.413588813696148
5.0965040557588095
15.717609695517085
3.0833656976667454
12.94755721731395
6.625569810692756
-1.8589553273066528
4.78407428056819
-2.4818848989383344
-0.8482115302453694
11.786689309018469
11.030914164852769
-2.6686667504669987
5.067870818019395
6.042015177174254
-2.8134051883466906
12.97437471723324
2.5340262239930835
7.541639389185898
-13.00766261335109
2.3609333674113824
0.9640916907077477
-3.7486947110269178
-6.057387282145099
-6.098923782953516
4.649701974673427
16.489338536422622
5.4683369645800814
12.608365560610059
6.93555411467686
10.133835054195151
1.5787750270406442
11.332500646045329
-8.79526548795387
25.56776233812609
6.307319546265168
17.339385790511827
2.3005175764277364
11.23471598524208
-0.7723089443492439
13.311645295143586
8.042313650798555
-2.995689494399887
-0.9651628311383522
-0.6991574623121775
1.4478124117673605
8.508504541429915
-10.008480365554888
12.900427487666006
4.010762057144414
-7.4015857936733696
0.7787487832475746
7.833977779637353
13.324733195237071
4.01424455177012
7.8906711564200105
0.2069327693480556
9.092961920983509
-7.178155557271825
-5.189988975552861
24.839561790944625
2.7529938252505475
5.7900699789811645
21.195537078035095
2.8302341293788795
2.5901208766522235
29.253218859692105
-2.1951137619438796
22.432074474603596
5.893624325145364
7.911541023070276
4.861256836839819
2.841923675035545
3.2129022232698876
4.463768285023484
-7.108405153830397
3.0967004530825992
25.897459964634567
19.087281982658826
6.273359287717749
13.409123573809591
-7.642115223147121
24.17177577850596
0.639426901524013
5.433379304175813
-0.2508409470519819
-15.239494899312021
19.04494207730955
27.241851481325888
0.9590133621139252
11.39695580510988
6.403424220432249
1.0300389099378537
-10.080589610934595
-0.21061081087392175
15.47552091277996
9.878307478494154
6.842230182913314
10.378930720699131
6.60541924238289
-0.39612408282213885
1.5969895395064255
0.05342886025815474
16.46165265889094
20.261262003454227
1.4544457672675777
-1.3095135833348506
0.5118000624085237
13.824491962493772
4.807209914604778
11.726833314010474
14.516396774978176
11.765684986465224
-8.689120970577092
7.421630460049482
-3.5689436418456637
-4.946270100009642
-4.384468559895728
-4.498841155203786
-2.0240429625289105
-5.129134831010644
4.523549324653899
8.807418361497044
21.795290183835252
-0.04248350812256696
-1.8389083729492235
27.741139038919584
8.960959816272904
19.951274748738022
-14.821926042708526
24.85109118347757
20.14534940573213
-5.530188115925645
0.6107058389654316
5.398275484244935
18.2342311557915
22.987146731067114
-4.2778291842362375
3.522775508974523
-12.038124572840765
8.543682926006522
-3.9373118357080976
11.426921008414832
2.4722443400672924
-0.5370577584898619
3.6254262728589945
-1.4337673983700858
3.7081835724061634
16.844884673728835
19.724935232532843
17.410515755269028
-17.309265266689785
4.804311120830052
4.922677291324389
16.439641175898124
17.695353388102518
-4.633613475062532
18.14824107908291
-1.7551416393751174
16.36482879157758
-1.9339892858320873
-11.195601589865593
-1.1536260867677308
13.763103250312604
23.954621928060586
21.220058897335203
-9.863586787232496
14.339605682254996
17.486625312955073
8.001044438721431
2.7494299350574924
0.4531776255997668
-16.669111827494064
-6.643626743508715
4.029179239936709
-1.362614199908224
-12.130847675995863
-10.326010670828472
13.321794877933163
-9.86856878892896
7.594955247763764
23.503454314823493
14.010089125349053
-6.48565540808927
6.014619528479917
10.424439216721906
9.605501881540045
11.333898164453654
2.7037013899823372
-1.2867121016122418
-9.240474772871316
27.949798415259146
0.8887588988497157
-4.16665320988333
15.893143532463007
-20.49292323729469
-1.5844164877289941
-8.334246321363723
11.139329239561315
5.805160987840241
-4.302562738515373
-5.045290520471168
-1.297771522699903
-6.181591059583564
2.415812701163902
19.36096700593357
-5.5903737021726325
11.952192811913427
-4.836759942102196
9.734592406309268
5.85728721324073
2.330336680564202
10.030311951085825
4.266378041295709
15.321252899590903
23.32296096558975
9.831963843004335
18.91790172817035
-4.4146220231382465
14.102713789450444
4.574386350699131
13.393119302961777
7.91945454662585
6.308453261976213
20.697403092180252
0.21140233488455973
-13.914319900661386
16.501757024251624
15.087181339686179
4.026151626509913
-11.407458837685024
9.998536796343684
7.835596084296877
4.022576071383051
-6.067013208055023
3.9158384127652717
-7.954765320651585
6.252556266404702
12.565297952552786
-4.465441006442482
-5.910462554574963
-0.8846905761706871
4.755968518696011
-19.95665889645903
1.8974552665847746
11.39202481473614
-3.537264837052472
-0.19030373131767675
-3.872349990644995
5.718059655598865
4.937879592005514
11.669242224166751
14.209660690868445
16.37726580567081
1.3943709873302574
-3.5677441696885257
10.834466208604908
11.537527175383184
2.0009026430476586
-9.670751605580353
2.464980444736329
-8.172190686356625
14.217905823442651
8.363909462421262
14.573772107999126
-17.16330197280434
21.28745328585324
-3.1095480079688347
14.987921226033576
1.220026321466647
-9.16667829634173
12.661368480162107
15.644834625130544
2.474960852929542
-0.6056305106541169
6.984476993526197
5.2136517942360925
3.0291317339463877
24.771594242056267
10.463464847779761
1.3366250584532424
5.081608428854351
3.8168036966477574
8.65646018177913
4.239251342210382
-11.352031476699828
-7.3263988943205565
12.4379526922623
7.743869884389634
11.441907655999003
7.1227529056615
17.523882876534284
20.195374436350075
4.581964484700883
0.02960744404831228
0.8860940953780085
-3.2083403846602785
4.821301885043591
18.312195602758088
6.930139834439402
-2.9086907804886817
11.59669100950142
12.00626414792371
-7.81852110605792
3.414880556695698
20.18166888218698
11.832075495095843
12.656829570442836
-10.56021637239901
18.33795586344977
-3.867688475721341
4.960285294760872
-7.352764859554554
-14.014163674051272
13.748707389801316
-4.796409489201901
-4.9790206376086985
4.714557322868674
-6.416399884163704
12.445166149232783
7.143431663512194
-0.02019018015432472
-12.441831291659323
14.428260665321629
-2.93532842863602
3.5365026099989705
6.099460021818926
20.004632870872577
-0.09401026914590993
22.409990278131232
9.341049534732864
-7.286164913357485
9.41311100722989
15.189980699948677
1.2724912428813298
12.904551327993001
0.40820497473844153
9.562883927130697
-3.7240343573933448
-0.37271670404427226
-3.5837636380247613
8.166291130756075
30.45048112570269
10.204425464688821
9.715859302756828
-14.128040730823706
-17.926639535922064
9.996965231549153
23.469572309358586
26.637562801858948
8.002970275071611
0.19216253697058328
13.289250717008795
10.25382500903762
-22.595466729842087
-2.906633255079056
29.168844483785005
11.492992230774135
12.557371660140475
8.997285067768379
19.88911441158712
-9.72017538046539
3.6344943089183657
10.552739204447969
-3.212320288076068
-5.379207002621131
14.830943003786544
5.022060367723819
18.601552640581776
6.720702903694859
1.5017626565198765
4.992651954337429
29.23673147417935
9.061988555895457
-5.888537505807562
7.235920656617168
8.138921802272009
9.330535021666119
11.8979413742096
-11.454818193583971
2.8201343671300467
-13.271337407455071
2.164959848354058
-11.466894145222287
21.40506979398144
3.749684134367148
-14.62761306877302
-5.0344967649467485
-3.7315962817709014
-9.997603989473085
-2.4770390648613363
7.78017116366503
7.759107111274224
20.99735918907367
4.488052101844927
2.6337003854112733
-0.8494640105409745
3.2150430583584595
-0.9302918876314026
-21.516502897144008
-9.263969328383965
-0.43309582086169307
7.077884335264177
6.505922838110147
-9.722134846067899
-7.160458738465362
-6.016538824948599
-12.683385045875312
15.75238216710659
8.285776834794524
3.647554020367367
2.016612311988477
11.056839483026065
-4.927565737620931
21.412376846480775
6.861218355930385
8.556621317549455
8.967216191770218
6.669046280781931
0.8806317898446094
-9.54090583990314
10.30406844056988
13.68980244070842
2.379426469990384
-9.401158454457011
0.08423442382001589
2.4575504686479146
-9.144940523745422
-7.418856318904162
10.860938807064588
-5.0879339926998455
6.8582321281384795
16.661388476978487
2.499632468436927
-8.611320159737021
11.53776944523755
12.782766733457155
1.3887404665283087
9.729270197550239
5.486000137609249
-4.404660893520166
-4.982867913483911
5.765453623189179
6.997628367080391
0.5033001943064956
0.6996704475321538
1.015849504321423
-1.08310992916776
-4.875100505600848
-4.569780756705544
23.357557657198257
-2.4178392682866567
8.669470543824875
0.8828917729764649
-1.2584122713685817
10.533256351356762
9.19231800387665
13.329485393009609
-9.222496138448586
12.2405600167689
3.9849529925823806
12.75714503423311
-9.207592362649928
7.339160028424757
-3.8338636719074835
7.492182026229237
14.489790230354883
-5.517514351451682
7.359965327137473
2.2505610074499267
21.11849014224528
10.015423111580077
-13.279406416629321
1.9351458884297692
15.981827058560345
7.819772599892255
14.814242910496842
-6.963511432644582
11.932626654387136
14.079552276093242
2.6728059367902084
1.6723505449189116
-10.092599490396243
5.065163022668212
-5.924989609801756
-1.9113722788188774
23.608572642873916
-3.829514493621513
-3.7071881755203027
15.615603693748557
11.677623131446557
13.713147033853655
5.257095827452894
6.744742786964437
0.997034923430423
-5.131533558349252
2.3606319499554473
-1.9459576365378703
-11.774099571068948
-2.174432081761733
0.9600665258269006
-7.43280605909275
-15.697870395525769
0.9261810224918143
12.107728302533598
0.34779070037597215
14.48434610419694
11.834030913595686
14.035738723185236
14.739756432087436
11.239256896484406
11.777553223168544
5.58896628215659
15.863472227857132
6.77190812254804
11.262306643535645
-0.008201030511466811
-6.176037283924238
21.016826795350003
4.205864863844465
2.810183022588972
15.065615540818651
12.985384887052358
1.0589303992170613
29.62325578726937
-1.680742311399798
-9.26755814266489
6.908929804000792
0.12663816023800756
-0.6367882948723445
2.6975997606223685
11.208365844336452
0.8937171384700342
9.324538646522816
-2.0585617781029626
18.338351828334318
10.199329624544301
6.691035904378294
5.638414493526682
12.52194044864742
5.894318458118537
1.6528560070245324
11.446516407686856
-0.8478713113651901
7.805178551429656
5.986068444826481
-3.1800743738833237
4.081452538403548
0.39063362350116293
-2.9056149021133884
0.7056180426025733
3.2462914781335734
-6.791953991233806
16.87215602601207
8.984681403691525
2.781723912795614
6.9945369825023835
0.18310707231621048
1.6314014469097722
7.435573393323614
2.949433069462321
-5.124831110460109
-6.121801617420271
3.9463406545856956
1.6567125255990867
-2.9526034873290508
16.67986618087963
7.75732775457203
0.993451635417256
17.234771356040355
5.891293717977593
-19.797986681225783
4.902292106561836
7.055170714104934
8.611114780529439
1.9368665235324012
10.855230726274652
5.269916532225676
-22.294364127126048
3.952561488508291
3.1929539510532354
7.253404700495224
7.028473976033443
18.964921078207013
16.054173789576545
24.54990481874964
15.358608631100822
-7.999429280196097
3.6889338674117713
13.81219947681154
17.912129213760846
24.29557461727664
-10.483552021347649
22.006151559078702
-7.396331118163953
-0.4384522181798287
-4.358674240846494
5.441772267961313
8.657542331294385
0.9286696931437168
2.824648716785533
-2.506445320454869
7.872110434692432
9.027243697336315
17.278827077648884
14.017479837374179
-5.876140541933211
-9.649052810032268
4.438784164674032
11.77914463623635
3.9646830748083293
5.737672700994196
0.9088416158841026
5.559687364728629
4.787177217735531
20.158120493556506
3.9536303489132267
-2.3449678401121856
0.6251029265736783
16.671169087057073
-2.8756301857406177
-6.0584783476115245
8.197726072601226
18.373073010412064
3.6475762854885456
10.531055495492412
12.755532422224196
15.014085044521506
-10.942102549877085
2.7267832551427142
1.2844892209865257
-10.65254788325111
-2.3777773084622567
5.54418787652222
6.259167898377911
-4.350345500477236
3.8894404513736625
1.2147015805970978
8.564419540891983
7.8300073524716804
5.2044103013500385
7.136678758312639
5.1908140424954246
7.936421131808598
11.792901485807496
8.827130256100919
14.97272519474057
8.228409165239864
1.422909486294973
2.4068800099571614
18.917974467064717
1.331203173895184
14.495381706969829
8.678203646105006
12.24930101545806
-5.632706905377017
7.840120945769952
-2.5950862543414255
11.127985265240117
18.59482231235391
9.77765914766062
19.561164272949313
14.211304860267827
18.13946140119854
7.366168993895904
-0.40662002884609105
20.22732815793774
1.7397806565574152
-5.214814356706821
-2.3387222990068466
-9.3947994015549
16.31838145026245
2.6356250026215795
0.61118743598196
-7.059860519567376
13.10976685285502
5.126087456865659
17.1919297163306
7.298004983102759
1.6162939391242044
0.9983925358672581
1.3172397756736225
2.441332617699141
18.37383345791231
18.136879285329403
-1.321135044067983
3.312308052515734
16.299153057137467
-5.677980128784023
16.647021832955197
-4.720688942282145
-11.442964086618396
-6.104456338837501
18.55008364695022
14.421832905358537
2.044561712168062
-0.486279065678735
13.49760342178383
3.785339030210037
9.414740891996994
3.5763836291891664
0.8792034936384763
-5.077129495630501
-3.372027909895909
11.841774199421987
0.049589546912703675
-8.729570328738522
0.1359291810782306
23.091910124364365
3.604034719154966
-9.507639250021745
17.176044743414213
-12.044382562324781
-11.868606878554615
0.3342097044991883
11.652609172410212
11.295652018342063
-9.565686824093858
9.466526189661291
4.1806903866950424
0.6827907023328867
-0.9820674375881078
-3.691501657632708
17.412844270987122
3.6642706665790303
5.846245964219715
14.64236838759437
-10.686638341371813
1.3036853396793897
10.734183679670487
11.689266504699258
-1.5157910614633563
-0.14723469969812353
10.883906063347698
13.609083883103807
13.62864467469027
0.8117288610741697
-1.4132954077671558
12.292782749671856
-0.41443494322714525
3.444820959578593
-4.542581677971512
1.3824554054472014
16.512456820061168
-9.262852463665883
3.608939495117787
3.681574920511941
-4.452321413484302
9.42457567372514
3.4506200693025986
15.880950767055682
14.708523384399928
4.761136329557364
21.42545023237181
-2.6365263071518594
-2.607833531750183
9.756680947371798
9.449433222939817
-0.8711733589432793
20.570514368083643
3.1106067811818696
3.9823572052175127
12.006412780554458
2.198219076324147
-1.165912078179696
-13.142469219345703
8.070511741397471
2.9271793247983267
1.547961706884954
-1.511450367591407
0.4751691857106133
-7.88928842093447
20.572645559598648
13.259420900785843
-6.176535597469705
-8.223547946831127
8.825536556346453
12.80391487607588
5.14940308679262
-2.1855055992395167
-6.607043704326847
16.61383583749455
17.328505933621777
0.5203234916592976
-1.7771270750533752
0.5313131450069255
11.038061158228581
5.134221296539608
-9.432821405083056
10.98767443923857
-5.126059987559907
5.7546318414256605
7.319004881958312
1.9402104266404132
15.662572820912278
-4.925203190755131
4.092553397839832
-8.379901086253081
0.5944319744157784
4.2375955615266605
25.027861331699135
20.089122654981054
-5.799677232900208
-14.720328090634474
-15.842400196909136
8.099172677600809
-1.4008321297950932
8.044564523680952
0.5481804096163598
-7.674731192414971
1.2182046939634077
20.302882467916902
11.69524638070653
-2.529267815283368
-9.5871767883906
21.168473475810913
17.21384260385212
-4.191469317921349
1.8353142842531236
16.13826052898019
-3.5684983818516294
-9.015380928691094
3.519285451069095
1.8289938613590446
-5.9260956419773585
0.3975600527118681
20.725391944541276
6.52713595731859
14.319092191343659
17.277988130679418
3.934265724140363
2.2708968378129812
9.124212233953124
11.792257410730222
18.84667963184813
19.473628624842306
-6.139656277211557
-7.467122103737296
-5.644871670078356
-0.3879902358588474
7.1346233309608
10.168314264395173
0.9720887608656268
8.348935738140856
23.984782186277968
0.2409820285461386
1.6294527503906417
0.4883529347588622
12.31074674956871
-1.8790924992701505
17.60567451068394
3.5606793173904756
-2.2371413881089595
22.195241558599108
1.867803908773571
10.55557328939283
-1.4041799963833803
3.4159878835148225
18.837868010309556
-4.756028604492876
-7.312598463850392
4.304045953832148
2.71080058479123
-10.662801840826777
2.465620418393484
-9.752989783504145
7.147784463599095
-5.189533774263172
15.571412397126693
6.1971304399509695
-3.217841629061155
-12.38956738106523
15.811759055702776
11.788142403123826
5.115507130481364
-22.952795241521308
5.663123201738871
-1.927369021115294
5.803194770723911
-5.815682013911372
3.4809239749813337
1.4772001890623967
-12.676151657652412
11.074086028464666
-10.303427080576391
-3.5586685761513728
7.92949566253854
15.215505570524199
29.083606708074417
4.447865940848899
5.669369168023783
-7.677580213202916
0.0065204954733451
-15.555630192265216
5.753171535668064
9.52586200849723
-8.09885109672839
-4.714141201405395
-12.402211748030854
-5.204417185174302
13.810933839000079
21.058925499915322
12.48714872503151
2.5082609427105704
-0.5077342582975533
5.450789653354082
7.848496526723313
-10.182031128733936
15.466818269222152
5.273657789703965
5.552201861505435
-1.089165989409989
-13.121149610812687
-5.423194831072063
13.078251884693678
18.0336501494018
9.601590270340724
20.79750094531193
-3.615029366490541
2.122446752076904
8.613459419992838
-2.4470401775761106
27.143289384336214
19.50863148719855
-4.936941129724842
4.0473646155864
20.088550293879674
0.44740065675400587
7.031441233125118
1.9994048655186214
0.7125842762723531
15.416998190512366
14.667693447825252
5.798708191387478
24.01653443771227
-1.1869254231170165
17.672639421829583
-2.138669280134576
-6.841256796870745
11.604622956744748
-2.6338032124959376
-1.1298736475450388
16.304366522961878
18.980056102468275
10.534547932609978
-0.6204005488562725
-1.8619714086025816
-11.731018835199936
15.786032725001915
-1.5398793844956895
13.0287758021913
4.4025207729816325
28.226728329018464
16.917538411400237
12.338884977764561
20.15830121138414
11.889633515697067
2.7775328606093592
14.160003703824914
-6.512245908783388
13.555120688958125
16.151857625033955
-9.645609126648583
-0.4985665260416372
-5.658664194649878
-6.055291075429395
10.691094600815703
8.602778334892776
8.102904586307332
6.6437804100764275
3.3612779676057674
3.6004466607119263
-4.060737212475903
-1.9854612874433393
21.379248485479565
-3.0270677744314867
-2.2463187301169665
0.7885456660935732
14.665225926709095
-13.241353678108222
8.57274685828494
-0.7364035140374048
3.3745154070893375
6.222175583629505
3.4674460025875726
-10.41854795789938
2.7995333276846295
6.466312635146773
-1.602685852664977
-1.3655045911132921
18.84965380957687
14.098769851542269
5.173774929351643
8.828535452058617
13.426001433180712
-23.74614949708336
1.3118816428635944
3.8109222289159006
20.90709934332117
-14.1736781553622
6.048675196953742
-5.4278695773277725
1.561390359956833
3.31992217575001
-4.783427832506247
-1.4118012680578174
-9.988180634359242
7.381140293314363
7.026985016312833
-6.830825457341303
-3.0545911275396573
10.474320869567396
7.166130156521116
3.014108875651239
16.17003792998364
-3.8559614872514523
18.849310883590604
13.94447522653647
-2.232278556185067
28.29123904966555
13.95565032529603
9.704937913920844
-9.207315455738676
7.879841646173187
21.118355939517382
-8.249251091154434
4.659254317581792
-20.19640731826702
2.2889507441635244
4.955775406374967
1.1300746795063854
-9.417638131978368
7.195975296303718
4.74212975217149
-2.084041677990486
12.695951645340543
1.3890976429178
-1.3813353767458505
7.799298277586546
12.094084419531002
-17.411496238165142
4.67944909115906
0.6311145854928597
12.17442336636319
-0.40393035574629543
-13.894657649791888
4.580460862767786
3.8590349886813335
-2.671068948983076
-0.025126544905994308
15.777977559073433
3.7090777063654157
15.941083045697994
9.101725574200008
9.852718248269596
1.0971596179407817
-0.44826957757944985
9.48548945834781
4.853532436302034
-14.552994346159373
-4.833647048850441
5.856050298122682
6.175082366178907
7.601050495239959
10.851959268841062
2.125928487252896
16.29109144439916
-5.0817369472297
-1.716358721206845
3.4501628690756077
8.954560552031639
11.315838931787505
10.480031413120718
14.81337127202086
17.174195459274088
4.689974326476023
10.024170885238846
-20.180152092807532
7.1255597649938025
13.293077274829761
5.633056951313871
4.981354688875037
18.40079098329648
12.082773727319413
14.686389192310177
-1.8173171069068728
8.003757764053889
-5.367795193478592
13.05042911905371
1.7353744658379489
-1.0007096640317368
28.401164562513188
8.797018137575968
20.2000993103797
-10.842098722822143
12.772180351598443
9.28622809019498
8.509102062082498
17.14048375944632
4.069452967864969
-6.829159195229499
1.2406613661712802
13.011234172284
5.3802183032431
21.624332701118043
-0.2231947078114347
27.545530330021897
-2.230819814976024
15.260210902538065
0.5875738939011104
-8.273828665973957
15.039803667436288
3.5268854563179106
14.301654356924715
-14.061637519739321
0.49407478862225496
7.4613344116611335
20.15682082661729
16.611631956751417
-3.057275074933507
10.440090123672121
17.661926851019807
5.866765329701035
2.486477882349376
-6.439150418654968
-16.723088706816714
16.148163747393763
12.216819765538961
2.679984298531725
-4.145381846695386
-2.2442709358266546
2.465160232751054
5.103497160733033
6.203372997626222
7.774553705246252
4.318168473531385
1.678190383537851
1.5356085561749477
2.3486261470288863
5.428010452328075
-6.071092255513797
7.0660102516356975
-3.2884768814995144
-6.710564565532826
8.247266147754692
7.797441198933688
9.033507385936844
9.743414323368656
7.405052540447258
21.21914764685508
4.433611473650728
0.4730167952081006
-1.0343821822299928
5.974982655963155
-24.523198020134895
18.272785903424204
-10.225602312507839
0.08829541026442733
6.385643153510858
15.773932028981722
11.867047608842233
6.610989898277156
0.8802133986066938
5.9357835364781995
14.838603560256376
-3.687013900266118
19.75367958981859
10.743764713040079
6.53229177943645
-5.665612930473593
14.192344495936002
10.77888324188495
-4.158277872285524
27.505400774951315
17.80715652451164
5.56721281643787
4.201872375344277
-6.334003061679853
-8.246374163920454
-0.2871209732483848
2.2624390446571967
18.269438705602475
-5.17139935922267
7.549145286095965
13.275948700340507
-9.175269962680757
4.2501239133655675
5.2001816773761345
-7.4813619522998565
-8.955698080247798
6.526117109898593
9.060874161877834
-10.934717992454562
-0.947980736122485
16.898456118130156
-3.327884766629838
-7.209873254788873
2.3312467165649675
16.621464928925903
2.277663075483349
-13.778500155362984
17.36719217498648
4.080854720082236
-6.830362730987304
-3.363056206276827
-1.966385740390308
5.31579955883332
4.753125619382835
9.394743935763927
5.900751391114679
4.364426348300059
12.716791097405961
21.24413312415843
16.194263575401692
-0.37879627401420635
-15.137184381979534
14.258618724360929
5.79346291634272
15.955710996643898
7.390375697464418
19.034200153072156
3.312656114014782
-14.667424765751061
1.3334162014701927
3.1507378119420197
-7.064378745218205
-3.459140371146299
2.3246543067050984
2.5590152164411704
9.268761322888803
11.48445857113128
-16.97689957694651
4.80744233152484
-1.9947148567973887
-4.455671625177661
-4.767118587572533
12.52936606456826
3.7350699791980104
0.4124557925384966
-5.507328331667413
-0.5242291409702213
-3.502935364888595
13.374625223100336
12.210973985177608
1.8105665409426126
2.4475678218769854
14.977363251289525
16.088371290427265
27.191380833424383
18.826270577448494
23.488153404024434
-5.139519828474732
-6.145284618314616
-0.7613105734051606
4.373112016652191
23.33003306787047
-14.034471168161161
9.982234719939541
5.924659476454723
1.3764646004498071
10.041578801650395
16.44630022328416
8.636067799718726
0.8798609158059207
10.118608504438594
-3.42373093265884
1.5199407732774137
8.005039371369687
-14.77087876819753
-11.47154138741315
5.288646984069425
-2.996602393625923
4.434386117359522
18.305671848531418
11.26103829021132
-1.8154358318527377
2.5102259403574307
7.08407312700491
-4.266430541334216
-3.086546586532524
5.048006874325743
9.535939159294536
-12.694453682114638
-3.5418053443962787
-0.6287891632390332
6.267075881737194
9.425091903899581
9.990658860135435
13.060874806098045
6.288901298708859
-1.169050761469279
-6.861402271177429
2.947807337437027
16.925803153864656
-5.620869552387671
13.51823604946962
-2.689222534257584
-5.024772115035876
23.373736592806928
2.657562366877696
5.657938581402863
15.915202833833632
10.370026937588657
3.815510011680514
-1.1105329260632235
15.555926523593646
7.044109858792881
22.009651237513744
13.936919222525852
5.969267188060596
5.410170441642381
-0.5031652717903201
20.18547382191886
4.8186281514175535
10.907394596639541
14.14070145297607
0.7472863110268104
-0.3754665901870746
11.1968966401802
-5.166366469128292
3.1066667577545544
3.5785292868560994
0.6164636183426921
10.545537718604729
11.144756557407067
7.482374470780277
-1.1618642492605824
-5.242854040909384
7.833169161460864
1.0557878376250232
4.251846688186699
0.5693109085481005
-0.33161626199590266
3.9961248997785876
4.21064176570815
3.526960373399799
-6.69352367852537
5.171042339338941
-2.5719151948727603
7.865448639328696
5.493968063849909
3.3677659966337723
12.348018308774543
11.670477390982162
-7.6493074744322715
10.433732182044348
11.981575072058607
23.10099306694354
5.405089993424025
-4.731719997507099
0.16585408524642986
5.5272414254347195
17.31361604517154
22.093597757415317
-6.208448166599281
-8.93837215938175
4.186995884745247
10.592550417163942
1.374935019495994
14.10793810494498
0.6703260819663432
13.859666853849372
18.62003367607168
4.882028621132747
5.908122351991663
-6.895766216514353
14.84836207106093
8.345164687333563
-8.962825525513008
13.877454672654984
4.899119742497553
-7.377695734368368
-6.525232797232247
-0.14472588884441606
6.466273842191285
-0.6509264259338217
-4.511052440577192
-13.252798442246515
0.9859489831602737
-3.1240522255281284
17.4953444445947
5.864903718438136
6.926807770271686
10.053411007103609
1.384125864170787
14.559778829586401
-3.3175273479023595
-1.0424449431692482
-13.927246199244188
18.716402627365255
11.907367693035981
20.849741993822175
5.814435629140403
7.037184652755486
15.18029022991016
5.410554291562237
-3.2850863484448105
4.987080180999959
-6.561588857334259
-0.5654542738862016
10.399982375586788
8.768707496783648
0.9122066183098969
3.1937345544501072
9.570675569868843
-3.2533516248472907
8.964200608982715
-5.891739149203074
12.355521328682961
15.714240544367197
12.713874124964226
-3.6948815702592306
-1.4513842213595831
12.371640877321749
4.006048279039408
19.784220616776132
15.609031564819865
-10.675788285162307
29.508889742686726
-1.0433483919853686
2.560586717164613
17.056046013708805
-7.352359904662588
6.328032713350882
0.7513336955628365
8.788758992593559
9.779802501668044
4.994349792006312
19.99687245545558
16.498343520733805
10.652093182361266
-6.428521749243174
20.705252084824995
0.10418524423296205
-5.535172837765396
2.5928719232932256
7.748371081921475
8.27552256022836
6.487801239357012
6.599519535269458
13.929371590504285
16.40807282798022
-1.1074172442997394
-1.7495478422838238
8.941256510710392
4.945073071226114
17.46116583766468
-4.548931900331166
15.61324410444982
2.50409168416002
-3.6725881481111156
3.598634412019799
-1.1077337600589852
-5.964890889771439
-2.373427895637054
9.89315356363414
-3.533214391765245
13.264921431458221
1.7504660299773906
-6.30864759419681
1.3840148086738058
4.2153366299094355
11.139226089736749
-3.9203829302430577
-17.377282492811243
27.619276906652757
-18.774072382545654
21.104078692967118
0.7059286149588475
16.127995799368833
-8.589327352470221
-0.04868428833858296
-6.482512088484658
10.425946521050939
7.710600824163833
5.739457669190137
-1.9754226799804986
-8.467478026054152
-9.715407706235732
-0.9510430149210078
15.337363766972935
-15.377114612910653
11.018383489699845
16.56303336473006
11.08009074948407
5.5102778277699205
-2.142323729931727
-0.9220885691314589
14.813281426469608
18.901669534108166
38.55883390178234
-6.630713560721748
11.455998922774317
-3.3265377877161075
-6.619587173951661
9.898251128613795
9.506287056708006
-2.5007388910006068
0.33965266726426613
11.23465111834021
0.6047309990540564
9.83676724632233
0.5762044539083142
7.13956132644567
20.920291685161693
-6.656125539456335
-0.11510023204375575
6.6819978566981115
-9.913838924985388
-2.4531424565751356
-6.360044396364691
5.241060479148411
-12.41549744419892
5.329611066206095
36.6602789243784
30.56562355332335
-9.39485300254933
7.327475502513373
-1.9896063825578807
-19.873972690799164
3.9671487621818886
4.236786596287207
19.59006741380347
3.56889862068473
-5.4631350795129805
-1.3539315321058023
7.015710686032858
-9.105059846147977
4.9979418291188225
13.173678258125811
4.666642350289212
15.018266788857733
7.337129995133101
5.247123892261741
11.493974298161696
-7.193024295521235
-9.952576839327156
9.082233519690636
-8.166320928814098
-6.812939506005813
-6.8810204877316075
26.27449286969512
9.370546350444135
-2.059598937481492
21.986293435353865
-10.850227373605794
5.529750428112521
4.659950594849013
2.685097200877202
-14.553785481604002
4.461770964697871
6.663675779637485
9.466279516575172
-7.122541475775757
2.2023907923339863
-1.1624191131073438
16.79276336913803
16.241525565114358
-4.03690694363681
1.6828433970243264
2.3757553117563415
10.709493618036156
5.983316862147129
7.070432322914052
4.939057632588964
19.908597904243464
0.2039046338707129
4.732456376383532
-1.841157157422412
11.782635506616227
14.609962931521768
11.69483655840582
1.6495836875869738
4.507086664944518
15.111311376342076
-4.583645891577339
15.486895741450624
4.233939546011161
20.611579798734688
5.208143583139457
-8.055284285562692
10.240546933463275
-2.90424786770439
7.917864518475088
7.356158617777083
6.261120907822368
9.136042090135255
24.629915694217456
-17.63622094163636
16.81179491326512
-4.138889428588001
15.718162832687657
-0.8894448207374941
-8.797303018253839
6.76099490358299
12.133441900356711
3.225292248377918
3.731233539527171
4.869128913431858
4.667680749298498
8.164033965503108
11.755746611138438
13.928878981575437
-5.134919713958491
5.231512203956437
13.047635516601703
-0.5162234471112601
3.774061348212789
15.83339253393923
-6.420648709736966
0.9170772798398943
-3.8393659254603527
8.195275791341285
6.833671948965952
2.0355988614548903
-17.008285056803537
-9.282224857042568
21.59502941632233
-12.329177728536248
-0.010901610922574356
-15.932581845840627
-0.2660564813997581
15.917434253346359
-2.5787277697871183
-14.25235040322422
5.891495682519434
17.99766927088197
0.5621898472123146
17.035893079859324
-6.708245959319605
-3.920624351619752
19.749336076962912
21.78647298750102
6.180518979577725
16.616336012520748
-14.471953712882659
4.5004629934152796
-3.8180026433725374
-8.9596889912214
10.803930749878464
0.07468446325209577
-6.197875128961368
-2.892998118864261
17.245267772169015
2.900450901944332
20.193448399382923
1.9764655240921947
20.31157756496281
16.424053075489308
6.734257497089358
12.02747283785435
1.04075261551779
18.16232515619485
19.52490721650588
7.7531541546328215
12.792039259209716
11.770157571511538
7.615379862460642
8.502144577628135
-8.011282576483945
-3.8545868921482693
-2.8630431425631055
9.26145724086806
5.6261651182443275
12.130555294307275
8.638442811811318
1.5796872735396885
6.49041294336622
20.191868320846176
21.08805520681679
-6.229023623735241
-20.033998382953474
-3.3798395176721847
-20.38357944548811
-4.236001135894064
-3.0264352304940463
-3.261112436345746
-9.562709968819622
7.6853737178414905
10.806092895974633
6.752584139659864
15.589779617154784
7.369169633455996
10.510326923859864
1.0049047612993016
-11.458272357427099
16.602302947475476
7.256342342025116
10.125063163411493
-7.193232655425014
9.561983909295567
6.779898665895047
8.67368352718632
-11.735803945920324
11.716751575919432
6.534816547680165
12.490931886494963
17.006653841980846
-2.7895774150000747
26.575576925899625
18.189725336357625
0.9627943468279572
5.046338921335699
8.772626070487615
7.1492638492926295
-2.374560215248726
-2.2321105536264927
15.608715375759681
-2.822217167593272
-17.280108391253165
0.767662047864369
6.883021980571177
14.032221626570891
6.960886885174005
1.006035584267834
-4.74058921366464
10.331271673565867
-3.249245234595321
-18.330841389166675
19.11534060488537
14.24714813988902
8.25993414444974
-6.712114018604067
4.503146315801378
-3.5280038750844085
-7.2911405540674
18.317870519722163
-1.5187507682730175
-5.130306117653916
10.675458967582998
16.940794989371508
16.228098020895327
19.687797238091278
4.709404582525444
9.155297549142801
-1.0174268659600694
9.25324348786382
-2.092448575486193
4.064697015727419
18.736111433417896
8.91749109545243
0.11050453066074262
17.005505100882736
-2.9012418879135646
14.186608938997944
14.94448373068923
23.275598463227837
14.86192566466546
-13.41668729540552
8.425240126771477
-6.4759306881886545
-2.04297799477774
2.111072653086774
9.17508570868261
1.9770533355269704
-16.54807654969452
1.8815373205107093
-1.7225920113559567
31.85004027278309
4.444284741628949
5.174140924743883
19.659148070675133
27.60941311357246
-11.317129713944073
23.42660421255718
